region,week,holiday_flag,holiday_name,weather_condition,temperature,economic_index
Africa,2010-12-27,0,None,Storm,9,1.3796735521072745
Africa,2011-01-31,0,None,Cold,5,0.7910398775640334
Africa,2011-02-28,0,None,Sunny,15,1.496550005310358
Africa,2011-03-28,0,None,Cold,12,1.1370058637081564
Africa,2011-04-25,0,None,Sunny,16,1.0049148974917486
Africa,2011-05-30,0,None,Rainy,29,1.279434214642752
Africa,2011-06-27,0,None,Cold,26,0.6933350683464824
Africa,2011-08-01,0,None,Cold,28,1.4015844524948968
Africa,2011-08-29,0,None,Storm,17,0.5681586294219232
Africa,2011-09-26,0,None,Hot,29,1.4312209825096431
Africa,2011-10-31,0,None,Sunny,29,0.6030249745894058
Africa,2011-11-28,0,None,Hot,31,0.6628782445704748
Africa,1900-01-01,0,None,Hot,18,1.1185795825501414
Africa,2011-05-02,1,Labor Day,Sunny,10,1.1167690802728825
Africa,2011-01-03,0,None,Hot,13,0.5973724036850813
Africa,2011-10-03,0,None,Hot,8,0.9772592363726842
Africa,2011-04-04,1,Christmas,Sunny,1,0.6666026131565557
Africa,2011-07-04,0,None,Storm,5,0.952031828865206
Africa,2011-09-05,1,None,Sunny,26,0.8244807385990912
Africa,2011-12-05,0,None,Hot,4,0.7315192349397567
Africa,2011-06-06,0,None,Hot,23,1.0518596801238504
Africa,2011-02-07,0,None,Rainy,19,1.3436067283172086
Africa,2011-11-07,1,None,Cold,21,1.228419887139439
Africa,2011-03-07,0,None,Cold,28,0.7367956929477336
Africa,2011-08-08,0,None,Hot,5,0.7448679085793477
Africa,2011-05-09,1,Christmas,Hot,21,0.7261454596550453
Africa,2011-01-10,1,None,Sunny,8,1.4611888263073616
Africa,2011-10-10,0,None,Cold,34,0.645264072504694
Africa,2011-04-11,0,None,Storm,31,0.7426818683264962
Africa,2011-07-11,1,Labor Day,Hot,37,1.1553213851554986
Africa,2011-09-12,0,None,Rainy,2,0.6000751119660401
Africa,2011-12-12,0,None,Sunny,32,0.5126497930071336
Africa,2012-01-30,0,None,Storm,15,0.9108819053546384
Africa,2012-02-27,0,None,Rainy,34,1.3920002046800737
Africa,2012-03-26,1,Labor Day,Sunny,26,0.7593090259429135
Africa,2012-04-30,0,None,Rainy,25,0.6708454660334944
Africa,2012-05-28,0,None,Hot,15,0.681985204005353
Africa,2012-06-25,0,None,Storm,39,0.8978777270748289
Africa,2012-07-30,0,None,Hot,28,0.8125644613138431
Africa,2012-08-27,0,None,Storm,21,1.2393194423150247
Africa,2012-10-01,1,None,Sunny,3,0.9578091109423952
Africa,2012-10-29,0,None,Hot,15,1.3907336763087303
Africa,2012-11-26,0,None,Rainy,12,1.339323115540251
Africa,2012-01-02,0,None,Sunny,2,0.8846848996989224
Africa,2012-04-02,0,None,Sunny,7,0.7653737609393673
Africa,2012-07-02,0,None,Cold,29,0.5767253643197944
Africa,2012-09-03,0,None,Hot,11,1.4219496732138137
Africa,2012-12-03,0,None,Rainy,12,1.1025979387756006
Africa,2012-06-04,0,None,Rainy,27,1.4272883391870632
Africa,2012-03-05,0,None,Cold,35,0.807735622142339
Africa,2012-11-05,0,None,Cold,36,0.9280931253960866
Africa,2012-02-06,0,None,Hot,26,0.8269384072237805
Africa,2012-08-06,0,None,Storm,24,0.9500274282275888
Africa,2012-05-07,0,None,Sunny,24,0.8462504595815405
Africa,2012-10-08,0,None,Storm,25,0.6830170917059663
Africa,2012-01-09,0,None,Hot,24,1.2741398489126667
Africa,2012-04-09,1,None,Storm,15,0.5433479241907441
Africa,2012-07-09,0,None,Cold,35,1.3641636662202319
Africa,2012-09-10,1,Independence Day,Storm,4,0.7456479044542695
Africa,2012-12-10,0,None,Sunny,34,1.0185400953106494
Africa,2012-06-11,0,None,Cold,13,1.0923073255661653
Africa,2012-03-12,0,None,Cold,21,1.496236581058712
Africa,2012-11-12,0,None,Rainy,25,1.0769014923036249
Africa,2012-12-31,0,None,Sunny,9,0.9619965930281837
Africa,2013-01-28,1,Independence Day,Rainy,24,1.161618003519429
Africa,2013-02-25,1,Christmas,Cold,7,0.9493212691289782
Africa,2013-04-01,0,None,Hot,37,1.1282401980563965
Africa,2013-04-29,0,None,Rainy,27,0.6474301686815995
Africa,2013-05-27,0,None,Rainy,28,0.6764102761034556
Africa,2013-07-01,1,Labor Day,Hot,36,0.6450370388970521
Africa,2013-07-29,0,None,Storm,8,0.8808510666801739
Africa,2013-08-26,0,None,Cold,1,1.425349318563525
Africa,2013-09-30,0,None,Storm,15,1.079744670898128
Africa,2013-10-28,0,None,Rainy,37,1.1382835718220845
Africa,2013-11-25,0,None,Storm,11,0.9639623088978917
Africa,2013-09-02,0,None,Sunny,37,1.0468538261450067
Africa,2013-12-02,0,None,Storm,12,1.0773220796953709
Africa,2013-06-03,0,None,Rainy,22,1.3679789746712547
Africa,2013-02-04,1,Independence Day,Cold,35,0.7429070050916271
Africa,2013-03-04,0,None,Cold,32,0.7236688703966525
Africa,2013-11-04,0,None,Rainy,21,0.6303112272487399
Africa,2013-08-05,0,None,Storm,28,1.01252323072625
Africa,2013-05-06,0,None,Rainy,10,0.5877593344853649
Africa,2013-01-07,0,None,Hot,20,1.3676925508701638
Africa,2013-10-07,0,None,Sunny,17,1.3794255632424073
Africa,2013-04-08,0,None,Sunny,18,1.2473197503480886
Africa,2013-07-08,0,None,Cold,34,1.126213466682622
Africa,2013-09-09,0,None,Storm,19,1.1128026541900988
Africa,2013-12-09,0,None,Storm,26,1.0501201665642705
Africa,2013-06-10,1,Independence Day,Hot,32,0.760087584611523
Africa,2013-02-11,0,None,Storm,28,1.2134015962056304
Africa,2013-11-11,0,None,Cold,16,0.6680965424051495
Africa,2013-03-11,0,None,Rainy,36,1.0816981964395835
Africa,2013-08-12,0,None,Hot,10,1.2998017067975844
Africa,2013-12-30,0,None,Storm,25,1.2499248964030083
Africa,2014-01-27,0,None,Sunny,10,1.3274373938358006
Africa,2014-02-24,0,None,Cold,14,1.2040308005146416
Africa,2014-03-31,0,None,Cold,21,0.5623393441082066
Africa,2014-04-28,1,Independence Day,Storm,15,0.8442658712833968
Africa,2014-05-26,0,None,Storm,11,1.4360485681798554
Africa,2014-06-30,0,None,Storm,3,0.7244599333563659
Africa,2014-07-28,0,None,Storm,19,1.0092347868653737
Africa,2014-09-01,0,None,Hot,13,1.3170178353370903
Africa,2014-09-29,0,None,Rainy,12,1.2865932652567054
Africa,2014-10-27,0,None,Hot,24,0.6559072763672079
Africa,2014-12-01,0,None,Sunny,19,1.0062100728215086
Africa,2014-06-02,0,None,Hot,24,0.951993983902676
Africa,2014-02-03,1,Christmas,Storm,10,1.362477260002785
Africa,2014-03-03,0,None,Cold,11,1.0645378131626542
Africa,2014-11-03,0,None,Sunny,16,0.7826045272082164
Africa,2014-08-04,1,None,Sunny,26,0.8567499955590763
Africa,2014-05-05,1,None,Storm,27,0.9717668989440243
Africa,2014-01-06,0,None,Sunny,9,1.375293316093879
Africa,2014-10-06,0,None,Cold,18,1.203658562147229
Africa,2014-04-07,0,None,Sunny,9,0.5313941966631991
Africa,2014-07-07,0,None,Hot,28,1.326176888860387
Africa,2014-09-08,0,None,Rainy,29,0.89236277604211
Africa,2014-12-08,0,None,Cold,36,1.0761041918113043
Africa,2014-06-09,0,None,Rainy,19,1.4907390082378271
Africa,2014-02-10,0,None,Rainy,19,0.7037377510003898
Africa,2014-03-10,1,Christmas,Rainy,18,1.227512160566835
Africa,2014-11-10,0,None,Cold,2,1.308064007635067
Africa,2014-08-11,0,None,Hot,39,1.477129333575399
Africa,2014-05-12,0,None,Storm,0,0.5027681028124728
Oceania,2010-12-27,0,None,Sunny,18,1.3321143983207255
Oceania,2011-01-31,0,None,Storm,18,1.4436558985391383
Oceania,2011-02-28,1,Christmas,Sunny,37,1.2116282732011157
Oceania,2011-03-28,0,None,Storm,26,1.4051370302019284
Oceania,2011-04-25,0,None,Rainy,16,0.6756426215295529
Oceania,2011-05-30,0,None,Sunny,21,1.0394502150799696
Oceania,2011-06-27,0,None,Rainy,1,0.6182295478601926
Oceania,2011-08-01,0,None,Sunny,8,0.7041209871514096
Oceania,2011-08-29,0,None,Cold,24,0.6441235456430056
Oceania,2011-09-26,0,None,Cold,15,1.3770315432554268
Oceania,2011-10-31,0,None,Storm,14,0.7236673065547463
Oceania,2011-11-28,0,None,Hot,31,1.458862782226897
Oceania,1900-01-01,0,None,Storm,31,0.703087719532814
Oceania,2011-05-02,1,None,Rainy,19,1.3725777689030227
Oceania,2011-01-03,0,None,Sunny,32,1.3246714431612303
Oceania,2011-10-03,0,None,Sunny,22,1.3968260573669118
Oceania,2011-04-04,0,None,Sunny,19,1.3057869178782815
Oceania,2011-07-04,0,None,Cold,16,1.2920140485175318
Oceania,2011-09-05,0,None,Storm,38,1.2520087962065132
Oceania,2011-12-05,1,Labor Day,Storm,23,0.6833856933235352
Oceania,2011-06-06,1,None,Storm,32,0.9218117916104188
Oceania,2011-02-07,0,None,Sunny,11,0.8159509914535257
Oceania,2011-11-07,0,None,Cold,25,0.9396906000354168
Oceania,2011-03-07,0,None,Sunny,5,0.6921749285247235
Oceania,2011-08-08,0,None,Sunny,4,1.3337177187815752
Oceania,2011-05-09,0,None,Hot,8,1.4367730326024384
Oceania,2011-01-10,0,None,Sunny,32,1.1128313670298846
Oceania,2011-10-10,1,Labor Day,Storm,14,1.4448000549628839
Oceania,2011-04-11,0,None,Hot,5,0.5822674088917891
Oceania,2011-07-11,0,None,Sunny,9,0.6317016767726076
Oceania,2011-09-12,0,None,Hot,21,1.131535766756929
Oceania,2011-12-12,0,None,Cold,3,0.8353401241701592
Oceania,2012-01-30,1,None,Storm,31,0.5684607288191094
Oceania,2012-02-27,0,None,Hot,9,0.7305927014981296
Oceania,2012-03-26,1,Christmas,Hot,35,0.5138365727944667
Oceania,2012-04-30,0,None,Cold,6,1.3162644361307514
Oceania,2012-05-28,0,None,Rainy,27,0.5069586777001253
Oceania,2012-06-25,0,None,Hot,7,0.5735532897229529
Oceania,2012-07-30,0,None,Cold,35,1.3327766301411805
Oceania,2012-08-27,1,Christmas,Hot,38,0.7427946410666798
Oceania,2012-10-01,0,None,Hot,29,0.5311805275615038
Oceania,2012-10-29,0,None,Storm,9,1.0519386945679856
Oceania,2012-11-26,1,Labor Day,Cold,2,0.757180346218325
Oceania,2012-01-02,1,None,Cold,10,1.3499021504173836
Oceania,2012-04-02,0,None,Cold,8,1.376426005567114
Oceania,2012-07-02,0,None,Hot,7,1.3069342767556758
Oceania,2012-09-03,0,None,Storm,6,0.6821600943506533
Oceania,2012-12-03,1,Christmas,Storm,38,1.3852417259090042
Oceania,2012-06-04,1,Independence Day,Rainy,17,1.2157333043322804
Oceania,2012-03-05,0,None,Cold,15,0.5402725518419668
Oceania,2012-11-05,0,None,Rainy,16,1.1032848282619505
Oceania,2012-02-06,1,Independence Day,Hot,10,1.1117334936358554
Oceania,2012-08-06,1,Labor Day,Storm,24,1.444155394620981
Oceania,2012-05-07,0,None,Storm,25,1.1133193217586879
Oceania,2012-10-08,1,Independence Day,Storm,2,0.5142073231807545
Oceania,2012-01-09,0,None,Hot,16,0.5345478654222667
Oceania,2012-04-09,0,None,Cold,13,0.9209313185676146
Oceania,2012-07-09,0,None,Hot,16,0.6328240649724465
Oceania,2012-09-10,0,None,Hot,30,0.7865508022061561
Oceania,2012-12-10,0,None,Sunny,10,1.0159039096813158
Oceania,2012-06-11,1,Labor Day,Hot,35,1.0429843339388567
Oceania,2012-03-12,0,None,Hot,10,1.3690995716070344
Oceania,2012-11-12,0,None,Cold,24,0.8650543933880165
Oceania,2012-12-31,0,None,Hot,20,1.275692003024856
Oceania,2013-01-28,0,None,Sunny,35,1.4570576068946544
Oceania,2013-02-25,0,None,Cold,37,0.6596942113056862
Oceania,2013-04-01,0,None,Sunny,11,0.8117715676362223
Oceania,2013-04-29,0,None,Sunny,27,1.0350717208455489
Oceania,2013-05-27,0,None,Storm,32,1.3820127373166948
Oceania,2013-07-01,0,None,Rainy,9,1.280510770591078
Oceania,2013-07-29,0,None,Storm,33,1.0996295648868144
Oceania,2013-08-26,0,None,Sunny,34,0.5709766466318387
Oceania,2013-09-30,0,None,Hot,17,0.98169301275012
Oceania,2013-10-28,1,None,Cold,29,1.301623032082694
Oceania,2013-11-25,0,None,Sunny,15,0.6286794075555004
Oceania,2013-09-02,1,Labor Day,Cold,31,0.9363037386674409
Oceania,2013-12-02,0,None,Hot,1,0.5042160976935148
Oceania,2013-06-03,0,None,Rainy,3,0.6248459356831119
Oceania,2013-02-04,1,Independence Day,Hot,1,0.7703494145110796
Oceania,2013-03-04,1,Independence Day,Rainy,21,0.8545087271491412
Oceania,2013-11-04,0,None,Hot,38,0.6286853459823205
Oceania,2013-08-05,0,None,Cold,11,1.208163386457888
Oceania,2013-05-06,0,None,Storm,11,0.9814385504142207
Oceania,2013-01-07,0,None,Sunny,32,1.287795991182887
Oceania,2013-10-07,1,None,Cold,7,1.1388934894169545
Oceania,2013-04-08,0,None,Storm,28,1.1268559561944524
Oceania,2013-07-08,0,None,Hot,16,1.0179874222297527
Oceania,2013-09-09,1,None,Sunny,9,1.330442648079785
Oceania,2013-12-09,0,None,Hot,9,0.9272949518714827
Oceania,2013-06-10,0,None,Sunny,26,1.3355002841748917
Oceania,2013-02-11,0,None,Hot,16,1.0192694593559408
Oceania,2013-11-11,0,None,Cold,14,0.7483607595037586
Oceania,2013-03-11,0,None,Storm,17,0.713832553840642
Oceania,2013-08-12,0,None,Cold,12,1.1771453920643093
Oceania,2013-12-30,0,None,Sunny,38,1.255801059891421
Oceania,2014-01-27,0,None,Sunny,15,0.6724660670734203
Oceania,2014-02-24,1,Christmas,Storm,17,1.2999198460285182
Oceania,2014-03-31,0,None,Hot,9,1.0672544498965044
Oceania,2014-04-28,0,None,Sunny,35,0.9369946064355446
Oceania,2014-05-26,0,None,Hot,27,1.4982232081270022
Oceania,2014-06-30,0,None,Sunny,39,1.135394679352414
Oceania,2014-07-28,0,None,Rainy,16,0.7103075865358982
Oceania,2014-09-01,0,None,Rainy,15,0.9969998734817326
Oceania,2014-09-29,0,None,Rainy,39,0.9644846239721082
Oceania,2014-10-27,0,None,Storm,29,1.4678756229546388
Oceania,2014-12-01,0,None,Sunny,5,1.424332409690643
Oceania,2014-06-02,0,None,Cold,29,0.9514100199893494
Oceania,2014-02-03,0,None,Storm,6,0.8097963161435131
Oceania,2014-03-03,1,Christmas,Hot,14,0.654481557862203
Oceania,2014-11-03,0,None,Storm,1,1.0039228611763917
Oceania,2014-08-04,0,None,Hot,26,1.312610569990352
Oceania,2014-05-05,0,None,Cold,31,0.766103885711487
Oceania,2014-01-06,1,Independence Day,Sunny,25,0.70931510735586
Oceania,2014-10-06,0,None,Rainy,14,0.7451222842630758
Oceania,2014-04-07,0,None,Rainy,22,1.4593012963599123
Oceania,2014-07-07,0,None,Hot,21,0.5746020492835752
Oceania,2014-09-08,0,None,Storm,8,0.5309309468263168
Oceania,2014-12-08,0,None,Hot,34,0.8891686715132926
Oceania,2014-06-09,0,None,Storm,0,0.8062345647820472
Oceania,2014-02-10,0,None,Rainy,2,0.7795446428055245
Oceania,2014-03-10,0,None,Sunny,18,1.007500919601045
Oceania,2014-11-10,0,None,Cold,3,0.8750812373672732
Oceania,2014-08-11,0,None,Storm,17,1.030485222942835
Oceania,2014-05-12,1,None,Storm,10,0.8113883113923472
EMEA,2010-12-27,0,None,Storm,3,0.9841075288092792
EMEA,2011-01-31,0,None,Hot,12,1.276716806558912
EMEA,2011-02-28,0,None,Rainy,35,0.5712538616687709
EMEA,2011-03-28,0,None,Hot,23,0.9665993090632211
EMEA,2011-04-25,1,Christmas,Cold,39,1.4000394017498707
EMEA,2011-05-30,0,None,Cold,8,1.073727814888779
EMEA,2011-06-27,0,None,Sunny,17,1.026060976236225
EMEA,2011-08-01,0,None,Sunny,19,0.9388821458230244
EMEA,2011-08-29,0,None,Rainy,19,0.6069702565683928
EMEA,2011-09-26,0,None,Storm,10,1.2952875843661282
EMEA,2011-10-31,0,None,Cold,28,1.236979590849654
EMEA,2011-11-28,0,None,Sunny,36,1.2358396292578584
EMEA,1900-01-01,1,Independence Day,Cold,23,1.3933942973583533
EMEA,2011-05-02,0,None,Sunny,13,1.0030971069976218
EMEA,2011-01-03,0,None,Cold,11,1.0144109660595744
EMEA,2011-10-03,0,None,Rainy,6,0.6630522310363222
EMEA,2011-04-04,0,None,Hot,26,0.897373375868732
EMEA,2011-07-04,0,None,Sunny,29,1.0558847328867973
EMEA,2011-09-05,0,None,Cold,0,0.519644743333155
EMEA,2011-12-05,0,None,Sunny,31,0.5751663047690967
EMEA,2011-06-06,0,None,Sunny,4,1.3487089339020382
EMEA,2011-02-07,0,None,Cold,8,1.230582624028227
EMEA,2011-11-07,0,None,Rainy,9,1.1328516439093022
EMEA,2011-03-07,0,None,Sunny,24,1.400494866109794
EMEA,2011-08-08,0,None,Hot,35,1.4438112159542391
EMEA,2011-05-09,0,None,Storm,5,1.0673419125434536
EMEA,2011-01-10,0,None,Cold,31,1.0506437702180609
EMEA,2011-10-10,1,Labor Day,Hot,2,0.9445396614479882
EMEA,2011-04-11,0,None,Sunny,26,1.2528639716967964
EMEA,2011-07-11,1,Labor Day,Hot,27,0.6079997914392072
EMEA,2011-09-12,0,None,Sunny,25,1.353909250602772
EMEA,2011-12-12,0,None,Storm,13,1.3349044146821236
EMEA,2012-01-30,0,None,Cold,23,1.1433846481105623
EMEA,2012-02-27,0,None,Hot,33,0.8001380733516958
EMEA,2012-03-26,0,None,Rainy,36,0.8241801707970969
EMEA,2012-04-30,1,None,Storm,14,1.2912524382968766
EMEA,2012-05-28,0,None,Sunny,31,0.9753649403991304
EMEA,2012-06-25,0,None,Cold,19,0.7728825251838047
EMEA,2012-07-30,0,None,Rainy,3,0.6277389255864295
EMEA,2012-08-27,0,None,Storm,17,1.15265356166161
EMEA,2012-10-01,1,Independence Day,Sunny,1,0.7934727188341351
EMEA,2012-10-29,0,None,Cold,17,0.8047085761205496
EMEA,2012-11-26,0,None,Cold,20,1.228316441788782
EMEA,2012-01-02,1,None,Cold,39,0.9343423352369675
EMEA,2012-04-02,0,None,Sunny,21,0.8447441891395032
EMEA,2012-07-02,0,None,Hot,14,0.9089463704348385
EMEA,2012-09-03,0,None,Rainy,11,1.47296862916986
EMEA,2012-12-03,0,None,Sunny,17,1.2781172247206802
EMEA,2012-06-04,0,None,Cold,7,1.4193841704149381
EMEA,2012-03-05,0,None,Sunny,22,0.6105355028939954
EMEA,2012-11-05,0,None,Sunny,28,0.6710552654324379
EMEA,2012-02-06,0,None,Hot,31,0.7151651409601353
EMEA,2012-08-06,0,None,Cold,17,1.443067767318405
EMEA,2012-05-07,0,None,Sunny,37,0.8340451413515482
EMEA,2012-10-08,0,None,Cold,29,1.342425862791527
EMEA,2012-01-09,0,None,Cold,18,1.3280803029145587
EMEA,2012-04-09,0,None,Sunny,10,0.9026378780486777
EMEA,2012-07-09,1,Christmas,Cold,27,1.43715421756034
EMEA,2012-09-10,1,Christmas,Sunny,11,1.1130795163380447
EMEA,2012-12-10,0,None,Cold,15,1.238949436636145
EMEA,2012-06-11,0,None,Rainy,5,0.5058456784135852
EMEA,2012-03-12,0,None,Storm,6,0.7409532808663174
EMEA,2012-11-12,1,Labor Day,Rainy,35,0.7448135302385896
EMEA,2012-12-31,0,None,Hot,24,1.1447482291534317
EMEA,2013-01-28,0,None,Rainy,11,0.5649623274252007
EMEA,2013-02-25,1,Christmas,Sunny,31,1.3640886992809993
EMEA,2013-04-01,0,None,Hot,18,0.7737951408960616
EMEA,2013-04-29,0,None,Cold,14,1.2617770709653087
EMEA,2013-05-27,1,Independence Day,Rainy,35,0.5248008625158728
EMEA,2013-07-01,0,None,Hot,35,1.4037557020937377
EMEA,2013-07-29,0,None,Storm,23,0.9914076919770375
EMEA,2013-08-26,0,None,Sunny,3,1.491353254601307
EMEA,2013-09-30,0,None,Hot,34,1.453713438279831
EMEA,2013-10-28,1,Independence Day,Cold,4,0.7021076386637158
EMEA,2013-11-25,0,None,Storm,24,0.9966147249803867
EMEA,2013-09-02,1,Christmas,Storm,33,0.767602628425785
EMEA,2013-12-02,0,None,Sunny,19,0.5915297753342633
EMEA,2013-06-03,0,None,Sunny,7,0.5307373591074821
EMEA,2013-02-04,0,None,Rainy,37,1.1537845472858295
EMEA,2013-03-04,1,Christmas,Sunny,39,1.2848627482423454
EMEA,2013-11-04,1,None,Sunny,7,1.3559738500177478
EMEA,2013-08-05,1,Christmas,Sunny,11,0.8053173268707967
EMEA,2013-05-06,0,None,Hot,28,0.8761350937683102
EMEA,2013-01-07,0,None,Hot,3,0.9608405025990954
EMEA,2013-10-07,0,None,Hot,11,0.702808775025441
EMEA,2013-04-08,0,None,Hot,17,1.2061766258440954
EMEA,2013-07-08,0,None,Hot,38,0.5677540937992495
EMEA,2013-09-09,1,Independence Day,Hot,23,1.0269188329341965
EMEA,2013-12-09,0,None,Hot,35,1.0128790223152675
EMEA,2013-06-10,0,None,Rainy,25,1.4395848247673095
EMEA,2013-02-11,0,None,Hot,10,0.9024995794911334
EMEA,2013-11-11,0,None,Storm,4,0.5768027386332228
EMEA,2013-03-11,0,None,Rainy,24,0.5909528476515001
EMEA,2013-08-12,0,None,Storm,28,0.6117889644082813
EMEA,2013-12-30,0,None,Storm,31,0.5062755037091534
EMEA,2014-01-27,1,Labor Day,Rainy,33,0.9379979007604056
EMEA,2014-02-24,0,None,Storm,6,0.6389262624208021
EMEA,2014-03-31,0,None,Cold,27,1.4389315581993913
EMEA,2014-04-28,1,Labor Day,Storm,16,0.9101024416110715
EMEA,2014-05-26,0,None,Hot,24,0.7983065895923525
EMEA,2014-06-30,0,None,Cold,31,1.0743197912202502
EMEA,2014-07-28,0,None,Sunny,5,1.1095374507995084
EMEA,2014-09-01,1,Christmas,Hot,33,1.2348078192981005
EMEA,2014-09-29,1,Christmas,Rainy,26,0.7379457512156219
EMEA,2014-10-27,1,Christmas,Cold,9,1.3762983141146874
EMEA,2014-12-01,1,Christmas,Rainy,39,1.4726688425060392
EMEA,2014-06-02,0,None,Storm,33,0.7018001098930536
EMEA,2014-02-03,0,None,Rainy,7,0.95392998045844
EMEA,2014-03-03,1,Christmas,Rainy,15,0.960314152951202
EMEA,2014-11-03,0,None,Cold,6,1.172481453276193
EMEA,2014-08-04,0,None,Storm,34,0.6321585455924963
EMEA,2014-05-05,0,None,Rainy,38,1.4234030364297054
EMEA,2014-01-06,0,None,Sunny,25,0.9312967064500839
EMEA,2014-10-06,0,None,Hot,7,1.3219527713844832
EMEA,2014-04-07,0,None,Rainy,28,0.6791643015259998
EMEA,2014-07-07,0,None,Rainy,7,0.8480651693970304
EMEA,2014-09-08,1,Christmas,Hot,22,1.299354904689964
EMEA,2014-12-08,0,None,Sunny,27,1.3912872599341153
EMEA,2014-06-09,1,Independence Day,Cold,31,0.7039287483697605
EMEA,2014-02-10,0,None,Sunny,8,0.7250117027326626
EMEA,2014-03-10,0,None,Hot,17,1.0897342689981637
EMEA,2014-11-10,0,None,Storm,27,0.9625134662168993
EMEA,2014-08-11,0,None,Storm,15,0.9092385770913083
EMEA,2014-05-12,1,Labor Day,Rainy,3,0.9073108924978732
North,2010-12-27,1,Labor Day,Sunny,21,0.9778665709504215
North,2011-01-31,1,None,Sunny,16,1.3335958324102284
North,2011-02-28,1,None,Rainy,1,1.3666366339987388
North,2011-03-28,0,None,Rainy,3,0.5633550734182667
North,2011-04-25,0,None,Cold,32,1.3057596088961156
North,2011-05-30,0,None,Cold,31,1.2871349990326668
North,2011-06-27,0,None,Storm,31,1.4308505754525072
North,2011-08-01,0,None,Cold,25,0.9670094848070344
North,2011-08-29,0,None,Storm,11,1.4879118112922973
North,2011-09-26,0,None,Storm,12,1.2539413685695668
North,2011-10-31,0,None,Sunny,33,1.040675576927164
North,2011-11-28,0,None,Sunny,29,0.7143369428382753
North,1900-01-01,0,None,Rainy,12,0.7902340031330641
North,2011-05-02,0,None,Cold,15,1.2423638857381714
North,2011-01-03,0,None,Cold,37,1.2299347727734804
North,2011-10-03,0,None,Storm,21,1.1229066498884133
North,2011-04-04,0,None,Storm,6,0.8611721512252982
North,2011-07-04,1,None,Storm,34,0.7691869908445016
North,2011-09-05,1,Independence Day,Hot,9,1.2331046965956922
North,2011-12-05,1,Christmas,Hot,16,0.5341831335468592
North,2011-06-06,0,None,Sunny,30,1.447944644115105
North,2011-02-07,0,None,Storm,19,0.8605480860843576
North,2011-11-07,0,None,Cold,25,0.9259851794992315
North,2011-03-07,1,None,Storm,2,0.9803379636382066
North,2011-08-08,1,None,Rainy,29,1.3635303063689372
North,2011-05-09,0,None,Rainy,29,1.2542956455908434
North,2011-01-10,0,None,Cold,10,0.9938250708387992
North,2011-10-10,0,None,Rainy,21,1.348006476626966
North,2011-04-11,0,None,Sunny,1,1.1318338234931746
North,2011-07-11,0,None,Hot,23,1.0095950105042384
North,2011-09-12,1,None,Hot,16,0.6699158729738038
North,2011-12-12,0,None,Sunny,15,0.9180056605157293
North,2012-01-30,0,None,Hot,27,0.8302383830053579
North,2012-02-27,1,None,Hot,6,0.8982318970688126
North,2012-03-26,0,None,Cold,24,1.2783162481880592
North,2012-04-30,0,None,Cold,2,0.7410652616151074
North,2012-05-28,0,None,Sunny,0,0.7456876970695555
North,2012-06-25,1,Independence Day,Storm,0,0.5818102588374979
North,2012-07-30,1,None,Sunny,34,0.8128487435346189
North,2012-08-27,0,None,Rainy,38,0.9513122455220309
North,2012-10-01,0,None,Rainy,17,1.05130292350341
North,2012-10-29,0,None,Hot,36,0.7633582662085627
North,2012-11-26,0,None,Sunny,23,1.36847631444473
North,2012-01-02,1,Christmas,Rainy,5,1.2399436148571787
North,2012-04-02,0,None,Hot,16,1.4126842642572366
North,2012-07-02,0,None,Storm,18,0.6628898882489521
North,2012-09-03,0,None,Hot,15,1.1088419910644831
North,2012-12-03,0,None,Hot,30,1.0629477433511143
North,2012-06-04,0,None,Cold,36,1.0555558678587191
North,2012-03-05,0,None,Hot,4,0.8197656786064517
North,2012-11-05,0,None,Rainy,16,1.036155257052546
North,2012-02-06,1,Christmas,Cold,32,1.2746276014913493
North,2012-08-06,0,None,Hot,12,0.7828607025191605
North,2012-05-07,0,None,Cold,23,0.8148545513158761
North,2012-10-08,1,None,Storm,14,0.8678721307088965
North,2012-01-09,0,None,Cold,0,1.2916384540675296
North,2012-04-09,0,None,Rainy,22,1.469636457257775
North,2012-07-09,1,None,Rainy,20,0.9673759238875995
North,2012-09-10,1,Independence Day,Storm,7,1.0571570321789583
North,2012-12-10,0,None,Rainy,9,1.361717797909209
North,2012-06-11,1,None,Cold,12,1.2484468426181339
North,2012-03-12,0,None,Cold,12,1.463100780848415
North,2012-11-12,0,None,Rainy,18,1.1988732842651157
North,2012-12-31,0,None,Cold,15,1.200817772853794
North,2013-01-28,0,None,Rainy,25,0.658918114138646
North,2013-02-25,1,Independence Day,Hot,11,1.373171418823965
North,2013-04-01,0,None,Cold,28,0.8789207564728091
North,2013-04-29,0,None,Sunny,25,0.6367316672034024
North,2013-05-27,0,None,Sunny,31,0.7170556758707343
North,2013-07-01,0,None,Sunny,26,0.9797350158958416
North,2013-07-29,0,None,Cold,2,1.1617315127452286
North,2013-08-26,0,None,Cold,8,0.5524434689307307
North,2013-09-30,1,None,Sunny,7,1.4280690700914502
North,2013-10-28,0,None,Storm,27,0.9035891797223564
North,2013-11-25,0,None,Storm,21,1.3745614906669141
North,2013-09-02,0,None,Cold,28,0.9972992208384371
North,2013-12-02,1,Christmas,Hot,18,1.3267263008318886
North,2013-06-03,0,None,Cold,27,1.3094599801314817
North,2013-02-04,0,None,Storm,20,0.953913775222977
North,2013-03-04,0,None,Hot,21,0.9180445352468724
North,2013-11-04,1,Independence Day,Hot,32,0.8914300327403427
North,2013-08-05,0,None,Rainy,35,1.1622021421985833
North,2013-05-06,0,None,Hot,31,0.7125014315101336
North,2013-01-07,0,None,Cold,6,0.5278838387291286
North,2013-10-07,0,None,Rainy,35,1.2267064334815476
North,2013-04-08,0,None,Storm,39,0.5920128160623297
North,2013-07-08,0,None,Storm,9,0.8164959711283898
North,2013-09-09,0,None,Storm,1,0.8901967544765795
North,2013-12-09,0,None,Hot,35,0.7117584703400274
North,2013-06-10,0,None,Storm,25,1.4516641940591783
North,2013-02-11,0,None,Storm,7,0.7773651673632398
North,2013-11-11,0,None,Sunny,12,1.182005827445376
North,2013-03-11,1,Christmas,Cold,12,1.4458628622021397
North,2013-08-12,0,None,Cold,31,1.2843639624044867
North,2013-12-30,0,None,Sunny,20,1.2003144306604228
North,2014-01-27,0,None,Sunny,15,1.185434817225575
North,2014-02-24,1,None,Sunny,0,1.2155624689916538
North,2014-03-31,0,None,Sunny,23,1.125014478587909
North,2014-04-28,0,None,Rainy,1,0.8891583646379346
North,2014-05-26,1,Independence Day,Sunny,18,1.3601653688916095
North,2014-06-30,0,None,Sunny,13,0.8038313032343373
North,2014-07-28,0,None,Storm,9,0.5397775823877596
North,2014-09-01,0,None,Storm,17,0.753355691018323
North,2014-09-29,0,None,Storm,21,1.1429744077868143
North,2014-10-27,0,None,Storm,6,1.23198036765331
North,2014-12-01,0,None,Storm,9,0.7443707926148597
North,2014-06-02,0,None,Storm,0,1.3288066398064604
North,2014-02-03,1,None,Hot,20,0.5986647632854731
North,2014-03-03,0,None,Sunny,29,0.6235837760352967
North,2014-11-03,0,None,Cold,39,1.320770875733957
North,2014-08-04,0,None,Rainy,18,0.6442706559661686
North,2014-05-05,0,None,Rainy,2,0.9321913980926196
North,2014-01-06,1,None,Hot,16,0.7566559636349135
North,2014-10-06,0,None,Hot,39,1.1862597350498167
North,2014-04-07,0,None,Rainy,32,0.7311609512174115
North,2014-07-07,1,Labor Day,Hot,32,1.4205280186409477
North,2014-09-08,0,None,Rainy,33,0.7516666120709932
North,2014-12-08,0,None,Cold,12,0.6848873655918791
North,2014-06-09,0,None,Rainy,27,1.4777451762500773
North,2014-02-10,0,None,Storm,34,1.0351730323236508
North,2014-03-10,0,None,Cold,3,1.0857768419994416
North,2014-11-10,0,None,Rainy,8,1.0459126438618003
North,2014-08-11,0,None,Rainy,22,1.1803827527788169
North,2014-05-12,0,None,Sunny,31,0.5498622813035496
Canada,2010-12-27,0,None,Storm,13,0.637457157040296
Canada,2011-01-31,0,None,Storm,27,1.2303996083685373
Canada,2011-02-28,0,None,Storm,2,0.90501589905103
Canada,2011-03-28,1,Labor Day,Cold,1,0.9345074300386432
Canada,2011-04-25,0,None,Cold,11,0.7358716730275193
Canada,2011-05-30,1,Independence Day,Sunny,30,1.1751576129015178
Canada,2011-06-27,0,None,Hot,27,0.5501779074664885
Canada,2011-08-01,1,Independence Day,Sunny,0,0.708452369126538
Canada,2011-08-29,0,None,Sunny,32,0.6057834091936967
Canada,2011-09-26,1,Labor Day,Hot,15,1.300186543169316
Canada,2011-10-31,0,None,Sunny,38,0.731794111124485
Canada,2011-11-28,0,None,Rainy,11,0.5183265365205576
Canada,1900-01-01,0,None,Rainy,8,0.624236878783325
Canada,2011-05-02,0,None,Rainy,6,0.519795380684772
Canada,2011-01-03,0,None,Sunny,32,1.4506254886104597
Canada,2011-10-03,0,None,Hot,13,1.2455322640057842
Canada,2011-04-04,0,None,Sunny,39,0.5293606218161241
Canada,2011-07-04,0,None,Rainy,20,0.9046686196255581
Canada,2011-09-05,0,None,Storm,31,0.6270779349007384
Canada,2011-12-05,0,None,Storm,19,1.0954870766625797
Canada,2011-06-06,0,None,Rainy,19,1.1912586726582686
Canada,2011-02-07,0,None,Hot,1,1.450847160956811
Canada,2011-11-07,0,None,Sunny,0,0.72209268764385
Canada,2011-03-07,0,None,Hot,30,0.6329403630838202
Canada,2011-08-08,0,None,Storm,13,0.8578005235459185
Canada,2011-05-09,1,Christmas,Sunny,10,0.883239878489578
Canada,2011-01-10,0,None,Rainy,34,1.3957627499962442
Canada,2011-10-10,0,None,Sunny,37,0.7735194138712107
Canada,2011-04-11,0,None,Hot,17,0.5251820680728304
Canada,2011-07-11,0,None,Sunny,8,1.2247480590425108
Canada,2011-09-12,1,Labor Day,Hot,5,1.2521580524636775
Canada,2011-12-12,0,None,Storm,29,1.221175910264738
Canada,2012-01-30,0,None,Cold,13,1.142282668222364
Canada,2012-02-27,1,None,Sunny,2,0.727877488756721
Canada,2012-03-26,0,None,Hot,30,0.7060650593670034
Canada,2012-04-30,1,Christmas,Sunny,26,1.4184400429041393
Canada,2012-05-28,0,None,Hot,2,1.4202932042675183
Canada,2012-06-25,0,None,Cold,9,1.4653903128371846
Canada,2012-07-30,0,None,Sunny,38,1.0116312309369548
Canada,2012-08-27,0,None,Cold,26,0.7623994253689373
Canada,2012-10-01,0,None,Sunny,5,1.1596927450195555
Canada,2012-10-29,0,None,Hot,36,1.146146624163924
Canada,2012-11-26,0,None,Hot,23,0.5535866247593091
Canada,2012-01-02,0,None,Storm,23,0.5596811409498764
Canada,2012-04-02,0,None,Cold,32,1.0312478234590639
Canada,2012-07-02,0,None,Sunny,10,1.1968767173329655
Canada,2012-09-03,0,None,Storm,0,0.9176886615952198
Canada,2012-12-03,0,None,Rainy,14,1.3679514112002864
Canada,2012-06-04,0,None,Cold,8,1.1530650634313049
Canada,2012-03-05,0,None,Hot,39,0.8466168516968301
Canada,2012-11-05,0,None,Cold,33,0.9739496119146087
Canada,2012-02-06,1,Labor Day,Hot,0,1.014825581087067
Canada,2012-08-06,0,None,Sunny,21,1.3120910299323523
Canada,2012-05-07,0,None,Rainy,0,1.3760351546673877
Canada,2012-10-08,1,Independence Day,Cold,33,1.4861431841283523
Canada,2012-01-09,0,None,Storm,18,1.0147253218187764
Canada,2012-04-09,0,None,Storm,35,1.142467191058777
Canada,2012-07-09,0,None,Storm,18,0.5847482671218155
Canada,2012-09-10,1,Christmas,Cold,36,1.2708629577363506
Canada,2012-12-10,0,None,Sunny,19,0.5805157241184493
Canada,2012-06-11,1,Christmas,Sunny,31,0.8121228019443943
Canada,2012-03-12,1,None,Storm,33,1.1647182803462697
Canada,2012-11-12,0,None,Sunny,3,1.272405060465477
Canada,2012-12-31,1,None,Hot,21,0.9075476443152738
Canada,2013-01-28,0,None,Hot,19,0.8633447333372105
Canada,2013-02-25,0,None,Hot,24,1.1124934034006146
Canada,2013-04-01,0,None,Cold,10,1.3702859067453943
Canada,2013-04-29,0,None,Cold,21,1.1755545533570944
Canada,2013-05-27,0,None,Rainy,38,1.3184603790020166
Canada,2013-07-01,1,Labor Day,Rainy,25,1.4671843039105914
Canada,2013-07-29,1,Labor Day,Sunny,8,0.7717069201018152
Canada,2013-08-26,0,None,Cold,24,1.3990139636846943
Canada,2013-09-30,0,None,Sunny,8,1.1804187754686408
Canada,2013-10-28,0,None,Cold,2,0.985004546257687
Canada,2013-11-25,0,None,Rainy,24,0.5131314167480002
Canada,2013-09-02,0,None,Hot,17,0.8139954597458149
Canada,2013-12-02,0,None,Rainy,7,0.6140969807215101
Canada,2013-06-03,0,None,Rainy,30,0.9069776918719007
Canada,2013-02-04,0,None,Rainy,33,0.5536171496265235
Canada,2013-03-04,0,None,Rainy,2,0.779844052449722
Canada,2013-11-04,0,None,Cold,0,1.1497966885944955
Canada,2013-08-05,0,None,Sunny,10,1.2450993076159635
Canada,2013-05-06,0,None,Cold,1,1.1753967606263123
Canada,2013-01-07,0,None,Sunny,39,1.2334147508928686
Canada,2013-10-07,1,None,Rainy,0,1.4466617409882325
Canada,2013-04-08,0,None,Storm,3,1.1417669706785722
Canada,2013-07-08,0,None,Rainy,6,1.3683514517804558
Canada,2013-09-09,0,None,Rainy,29,1.2450422609982201
Canada,2013-12-09,1,Christmas,Rainy,11,1.3117379833324465
Canada,2013-06-10,1,Christmas,Rainy,13,0.8878265837089403
Canada,2013-02-11,0,None,Hot,32,1.352565647076084
Canada,2013-11-11,1,Labor Day,Sunny,0,1.4433025543023728
Canada,2013-03-11,0,None,Hot,17,0.7074424596732394
Canada,2013-08-12,1,Labor Day,Storm,24,1.095945347247179
Canada,2013-12-30,0,None,Hot,38,1.3695910042967234
Canada,2014-01-27,1,Independence Day,Hot,32,1.0505818439814227
Canada,2014-02-24,1,Christmas,Sunny,7,1.3542568470485916
Canada,2014-03-31,0,None,Rainy,23,1.0377049964213212
Canada,2014-04-28,0,None,Hot,17,0.710426644191388
Canada,2014-05-26,0,None,Sunny,15,0.9232503833947266
Canada,2014-06-30,1,Christmas,Hot,32,1.115891436721764
Canada,2014-07-28,0,None,Hot,37,1.0935587921126977
Canada,2014-09-01,1,Labor Day,Hot,20,1.302662394239468
Canada,2014-09-29,0,None,Hot,5,0.5453476745708885
Canada,2014-10-27,0,None,Rainy,25,0.7079605436837556
Canada,2014-12-01,0,None,Rainy,3,1.4700179509893956
Canada,2014-06-02,1,Independence Day,Storm,7,0.8278922769588338
Canada,2014-02-03,0,None,Cold,29,0.6951785256434818
Canada,2014-03-03,0,None,Sunny,19,1.314597336308924
Canada,2014-11-03,0,None,Rainy,18,1.288206410139328
Canada,2014-08-04,0,None,Storm,19,1.0877771479886886
Canada,2014-05-05,0,None,Sunny,32,0.6465738180234691
Canada,2014-01-06,1,None,Sunny,28,1.4113344410985744
Canada,2014-10-06,0,None,Storm,29,1.2007920060013129
Canada,2014-04-07,0,None,Storm,2,1.3600271943059177
Canada,2014-07-07,0,None,Storm,30,1.4245497926077069
Canada,2014-09-08,0,None,Rainy,9,0.7479017205170501
Canada,2014-12-08,0,None,Hot,7,0.7539998480610047
Canada,2014-06-09,0,None,Sunny,33,1.2325799188713757
Canada,2014-02-10,0,None,Sunny,18,1.1364090289892053
Canada,2014-03-10,0,None,Hot,35,1.43471460483162
Canada,2014-11-10,0,None,Storm,23,1.382195265754201
Canada,2014-08-11,0,None,Rainy,32,1.2837071463285423
Canada,2014-05-12,0,None,Storm,10,0.7384658724422354
Southeast Asia,2010-12-27,0,None,Hot,0,0.5722901803251205
Southeast Asia,2011-01-31,1,Christmas,Rainy,28,1.3669031511992291
Southeast Asia,2011-02-28,0,None,Sunny,33,0.9965832017209082
Southeast Asia,2011-03-28,0,None,Sunny,23,1.0065327251010845
Southeast Asia,2011-04-25,0,None,Hot,25,1.1475018943444708
Southeast Asia,2011-05-30,1,None,Sunny,22,1.2750501937135406
Southeast Asia,2011-06-27,0,None,Sunny,7,0.9087847575406469
Southeast Asia,2011-08-01,0,None,Hot,2,1.0795109945619772
Southeast Asia,2011-08-29,0,None,Rainy,31,0.9684399724375214
Southeast Asia,2011-09-26,0,None,Cold,12,1.33020574570027
Southeast Asia,2011-10-31,0,None,Hot,30,0.7949849123352
Southeast Asia,2011-11-28,0,None,Hot,38,1.447200059782109
Southeast Asia,1900-01-01,1,Independence Day,Sunny,38,1.0042358497718809
Southeast Asia,2011-05-02,0,None,Storm,33,1.1428048671506128
Southeast Asia,2011-01-03,0,None,Hot,11,0.5195947630742875
Southeast Asia,2011-10-03,0,None,Hot,16,0.9853141817756931
Southeast Asia,2011-04-04,0,None,Rainy,35,1.0116266594972299
Southeast Asia,2011-07-04,0,None,Hot,4,0.5844686012191472
Southeast Asia,2011-09-05,0,None,Sunny,0,0.5567551322865134
Southeast Asia,2011-12-05,0,None,Hot,11,0.7113521168329505
Southeast Asia,2011-06-06,1,Christmas,Sunny,23,0.722869211694162
Southeast Asia,2011-02-07,0,None,Storm,19,0.5061433560126043
Southeast Asia,2011-11-07,0,None,Cold,12,0.6290091581441782
Southeast Asia,2011-03-07,0,None,Rainy,10,0.8062413034928895
Southeast Asia,2011-08-08,0,None,Cold,38,0.6674981561577458
Southeast Asia,2011-05-09,0,None,Hot,38,1.1636228358596137
Southeast Asia,2011-01-10,0,None,Rainy,7,1.4390416118444689
Southeast Asia,2011-10-10,0,None,Hot,34,1.1399204602274593
Southeast Asia,2011-04-11,0,None,Storm,13,0.9241355680513725
Southeast Asia,2011-07-11,0,None,Hot,9,1.3197176484721056
Southeast Asia,2011-09-12,0,None,Storm,35,1.2363572355792345
Southeast Asia,2011-12-12,1,Independence Day,Cold,34,0.9177192331587859
Southeast Asia,2012-01-30,0,None,Hot,23,1.2091158915887288
Southeast Asia,2012-02-27,0,None,Rainy,4,1.2841484775149687
Southeast Asia,2012-03-26,0,None,Rainy,29,1.191534126147802
Southeast Asia,2012-04-30,0,None,Sunny,38,0.7186298770412152
Southeast Asia,2012-05-28,0,None,Cold,0,1.2675203522630571
Southeast Asia,2012-06-25,0,None,Cold,14,1.1505950900590252
Southeast Asia,2012-07-30,1,Christmas,Cold,0,1.4869079972926078
Southeast Asia,2012-08-27,0,None,Cold,10,0.7259028825574655
Southeast Asia,2012-10-01,0,None,Hot,28,1.3028435296702034
Southeast Asia,2012-10-29,0,None,Hot,0,1.1641843328281194
Southeast Asia,2012-11-26,1,None,Hot,21,0.875512183021351
Southeast Asia,2012-01-02,1,Labor Day,Cold,14,0.8644688404079327
Southeast Asia,2012-04-02,0,None,Sunny,21,0.9127651204996685
Southeast Asia,2012-07-02,0,None,Storm,26,0.8264403293414077
Southeast Asia,2012-09-03,0,None,Sunny,27,1.4767695073962135
Southeast Asia,2012-12-03,0,None,Hot,25,1.3463000986395444
Southeast Asia,2012-06-04,0,None,Cold,37,1.0575314398526505
Southeast Asia,2012-03-05,0,None,Sunny,14,0.6144015144273242
Southeast Asia,2012-11-05,0,None,Sunny,13,1.4463341149368292
Southeast Asia,2012-02-06,1,Labor Day,Storm,12,0.8337991138342242
Southeast Asia,2012-08-06,0,None,Cold,1,1.2624972265594172
Southeast Asia,2012-05-07,0,None,Storm,19,1.053618572211532
Southeast Asia,2012-10-08,0,None,Hot,13,1.0031678775462016
Southeast Asia,2012-01-09,0,None,Storm,25,0.6219591439454236
Southeast Asia,2012-04-09,0,None,Hot,29,0.9195176727794769
Southeast Asia,2012-07-09,0,None,Storm,5,0.984503855764893
Southeast Asia,2012-09-10,1,None,Hot,37,1.1541928193352873
Southeast Asia,2012-12-10,0,None,Storm,30,0.5961887124559095
Southeast Asia,2012-06-11,1,Labor Day,Rainy,30,0.7322190063142928
Southeast Asia,2012-03-12,0,None,Rainy,23,0.6262499258595259
Southeast Asia,2012-11-12,0,None,Storm,23,1.0525231335129115
Southeast Asia,2012-12-31,0,None,Storm,9,1.070810845976529
Southeast Asia,2013-01-28,0,None,Hot,23,0.6369023478632109
Southeast Asia,2013-02-25,0,None,Hot,23,0.5195108410987209
Southeast Asia,2013-04-01,0,None,Sunny,33,0.7088598734356049
Southeast Asia,2013-04-29,1,None,Rainy,32,1.1056828507909862
Southeast Asia,2013-05-27,0,None,Cold,29,1.2194297946525179
Southeast Asia,2013-07-01,0,None,Storm,1,0.7777013966805771
Southeast Asia,2013-07-29,0,None,Rainy,1,1.1560921063546823
Southeast Asia,2013-08-26,0,None,Cold,35,1.4486326042275026
Southeast Asia,2013-09-30,1,Independence Day,Sunny,36,0.7788110516249547
Southeast Asia,2013-10-28,0,None,Hot,7,1.493726700127211
Southeast Asia,2013-11-25,0,None,Sunny,38,0.7294653951646334
Southeast Asia,2013-09-02,0,None,Storm,35,1.1391243728632665
Southeast Asia,2013-12-02,1,Labor Day,Hot,24,1.27701876645823
Southeast Asia,2013-06-03,1,Independence Day,Sunny,38,0.9463857546358663
Southeast Asia,2013-02-04,1,Labor Day,Rainy,6,1.2416389434523412
Southeast Asia,2013-03-04,0,None,Storm,8,1.1693928078630171
Southeast Asia,2013-11-04,1,Independence Day,Rainy,18,1.3794772401536652
Southeast Asia,2013-08-05,0,None,Hot,6,1.0561723600504027
Southeast Asia,2013-05-06,0,None,Cold,14,1.1683586084329192
Southeast Asia,2013-01-07,0,None,Sunny,33,1.1957451829936843
Southeast Asia,2013-10-07,0,None,Storm,28,1.120781934512752
Southeast Asia,2013-04-08,0,None,Hot,4,1.374668065210914
Southeast Asia,2013-07-08,0,None,Storm,4,1.1189305795836433
Southeast Asia,2013-09-09,0,None,Rainy,16,1.4481655048736666
Southeast Asia,2013-12-09,0,None,Cold,3,1.023971023724407
Southeast Asia,2013-06-10,1,Independence Day,Storm,8,1.3642540179038105
Southeast Asia,2013-02-11,0,None,Sunny,29,0.7187313188096088
Southeast Asia,2013-11-11,0,None,Sunny,31,1.2835891148127616
Southeast Asia,2013-03-11,0,None,Storm,4,0.680841447255917
Southeast Asia,2013-08-12,0,None,Sunny,0,1.398201305177603
Southeast Asia,2013-12-30,1,Christmas,Sunny,30,1.1963468702532358
Southeast Asia,2014-01-27,0,None,Sunny,0,0.6106599001965023
Southeast Asia,2014-02-24,0,None,Hot,4,1.2415136019181938
Southeast Asia,2014-03-31,0,None,Sunny,10,1.264920848191835
Southeast Asia,2014-04-28,1,Christmas,Storm,11,1.0696362506508246
Southeast Asia,2014-05-26,0,None,Storm,20,1.3600217611550791
Southeast Asia,2014-06-30,0,None,Hot,33,1.4651937259032317
Southeast Asia,2014-07-28,0,None,Rainy,8,1.44069974820175
Southeast Asia,2014-09-01,0,None,Hot,29,1.4124276625840433
Southeast Asia,2014-09-29,0,None,Sunny,16,1.1596610734519643
Southeast Asia,2014-10-27,0,None,Rainy,39,1.0392069538053565
Southeast Asia,2014-12-01,0,None,Hot,15,0.5386670471818121
Southeast Asia,2014-06-02,0,None,Hot,10,0.8889320740868775
Southeast Asia,2014-02-03,0,None,Cold,30,0.6577477962471401
Southeast Asia,2014-03-03,1,Labor Day,Cold,11,0.7878821885305339
Southeast Asia,2014-11-03,0,None,Cold,33,1.1000611487757317
Southeast Asia,2014-08-04,0,None,Rainy,12,0.8519407313386786
Southeast Asia,2014-05-05,0,None,Storm,24,1.0467118072160935
Southeast Asia,2014-01-06,0,None,Sunny,28,1.1968151713371176
Southeast Asia,2014-10-06,0,None,Rainy,1,1.0526476206866833
Southeast Asia,2014-04-07,0,None,Storm,19,1.058460908071054
Southeast Asia,2014-07-07,0,None,Sunny,13,0.6238752816136521
Southeast Asia,2014-09-08,0,None,Sunny,9,0.9206463256934495
Southeast Asia,2014-12-08,1,None,Cold,9,0.6485100557647323
Southeast Asia,2014-06-09,0,None,Rainy,7,0.8689680364931194
Southeast Asia,2014-02-10,0,None,Hot,17,0.8888175984990598
Southeast Asia,2014-03-10,0,None,Storm,35,1.3039430537569512
Southeast Asia,2014-11-10,0,None,Sunny,34,0.8363216709719894
Southeast Asia,2014-08-11,0,None,Rainy,10,0.8056062450078404
Southeast Asia,2014-05-12,1,None,Sunny,21,1.028623019404104
Central,2010-12-27,1,None,Hot,37,0.9172609139681084
Central,2011-01-31,0,None,Sunny,5,0.8701333624795399
Central,2011-02-28,0,None,Rainy,17,0.7101426177088065
Central,2011-03-28,0,None,Hot,9,1.0044817789477614
Central,2011-04-25,0,None,Storm,37,1.0478165504570045
Central,2011-05-30,0,None,Storm,19,1.3855975626737083
Central,2011-06-27,0,None,Rainy,20,1.312075441716519
Central,2011-08-01,1,Independence Day,Cold,7,1.4931797712372448
Central,2011-08-29,0,None,Hot,24,1.3887994973818343
Central,2011-09-26,0,None,Rainy,16,0.8717871096023688
Central,2011-10-31,0,None,Hot,9,0.981899852785103
Central,2011-11-28,0,None,Hot,19,0.7497098817366381
Central,1900-01-01,0,None,Rainy,35,0.6101659173774078
Central,2011-05-02,0,None,Hot,17,1.1394636147499437
Central,2011-01-03,0,None,Sunny,26,0.9278151963242456
Central,2011-10-03,0,None,Hot,36,0.6953779046793815
Central,2011-04-04,0,None,Hot,8,1.408472364456682
Central,2011-07-04,0,None,Sunny,38,0.8278149476648731
Central,2011-09-05,0,None,Hot,39,1.013713204817552
Central,2011-12-05,0,None,Cold,5,0.6788828565070015
Central,2011-06-06,0,None,Rainy,32,0.8726707152751133
Central,2011-02-07,0,None,Sunny,3,1.3228942130518533
Central,2011-11-07,0,None,Storm,29,1.2007866859186596
Central,2011-03-07,1,None,Cold,36,1.1611274279367847
Central,2011-08-08,0,None,Cold,24,0.8731648491617302
Central,2011-05-09,0,None,Sunny,9,0.87155928255499
Central,2011-01-10,1,Independence Day,Sunny,6,1.321285240598081
Central,2011-10-10,0,None,Rainy,12,1.1211933740074111
Central,2011-04-11,0,None,Storm,16,0.9189587821331421
Central,2011-07-11,0,None,Storm,23,0.5110493562746155
Central,2011-09-12,0,None,Hot,31,1.0888713412648174
Central,2011-12-12,0,None,Cold,25,1.0114337838531506
Central,2012-01-30,0,None,Sunny,22,1.2981384264565037
Central,2012-02-27,0,None,Storm,5,0.8297095258372649
Central,2012-03-26,0,None,Cold,14,1.4707975977928474
Central,2012-04-30,0,None,Sunny,24,1.1830069897965303
Central,2012-05-28,0,None,Cold,12,0.504051527354371
Central,2012-06-25,0,None,Cold,3,0.8929166635543551
Central,2012-07-30,0,None,Rainy,6,1.303333437073726
Central,2012-08-27,1,Christmas,Hot,0,1.4015536530451924
Central,2012-10-01,0,None,Storm,2,1.217873464875894
Central,2012-10-29,1,Christmas,Sunny,22,1.493409631781192
Central,2012-11-26,0,None,Sunny,8,1.3610724708408053
Central,2012-01-02,0,None,Sunny,22,1.2623887641176077
Central,2012-04-02,0,None,Hot,34,1.212622292158179
Central,2012-07-02,0,None,Cold,34,0.8785641121153656
Central,2012-09-03,0,None,Storm,5,1.3046759073226124
Central,2012-12-03,0,None,Hot,34,1.427804046937771
Central,2012-06-04,0,None,Hot,30,1.3245275457405463
Central,2012-03-05,0,None,Rainy,30,1.3554343298179279
Central,2012-11-05,0,None,Rainy,16,1.3216496951044636
Central,2012-02-06,0,None,Storm,9,1.3691470648570705
Central,2012-08-06,0,None,Rainy,1,1.1979662943154015
Central,2012-05-07,0,None,Cold,35,0.7003510253890333
Central,2012-10-08,0,None,Cold,4,0.5518286795931924
Central,2012-01-09,1,None,Storm,39,0.59181931777158
Central,2012-04-09,1,Independence Day,Sunny,17,0.853934869387432
Central,2012-07-09,0,None,Rainy,3,1.1139303841964865
Central,2012-09-10,0,None,Cold,3,0.6547136613753971
Central,2012-12-10,0,None,Rainy,36,0.7710388679796839
Central,2012-06-11,0,None,Hot,19,0.624355708886247
Central,2012-03-12,0,None,Hot,0,0.7967657119057183
Central,2012-11-12,1,Christmas,Hot,27,0.5487294159956784
Central,2012-12-31,0,None,Storm,31,1.2253060884355578
Central,2013-01-28,0,None,Hot,24,0.9868655750105638
Central,2013-02-25,0,None,Hot,25,0.6176093523541244
Central,2013-04-01,0,None,Rainy,36,1.2612875400896115
Central,2013-04-29,0,None,Storm,38,0.840329778913126
Central,2013-05-27,0,None,Storm,15,0.5899763355876814
Central,2013-07-01,0,None,Sunny,28,0.6053758304477641
Central,2013-07-29,0,None,Sunny,20,0.5939285372721511
Central,2013-08-26,0,None,Cold,14,1.4642620046280606
Central,2013-09-30,0,None,Hot,1,1.2415118424536136
Central,2013-10-28,0,None,Sunny,22,0.9766729912588482
Central,2013-11-25,0,None,Cold,29,0.5663997813144366
Central,2013-09-02,0,None,Sunny,13,1.4767623337530014
Central,2013-12-02,0,None,Hot,5,1.114350789624867
Central,2013-06-03,1,Independence Day,Rainy,13,0.7923630669700562
Central,2013-02-04,1,Christmas,Cold,12,0.8756856965761601
Central,2013-03-04,0,None,Sunny,5,0.7929486471061366
Central,2013-11-04,0,None,Hot,8,1.1873164214479712
Central,2013-08-05,0,None,Cold,3,1.0679130457906587
Central,2013-05-06,0,None,Hot,6,0.7769184920908923
Central,2013-01-07,0,None,Rainy,23,0.7758826473466296
Central,2013-10-07,0,None,Cold,31,1.4150623753760794
Central,2013-04-08,0,None,Cold,24,0.9649776702977885
Central,2013-07-08,0,None,Rainy,6,1.4435399603951415
Central,2013-09-09,1,None,Storm,31,0.7527093382727728
Central,2013-12-09,1,Independence Day,Sunny,15,0.9518053226198774
Central,2013-06-10,0,None,Sunny,19,1.3223329632046847
Central,2013-02-11,0,None,Hot,34,0.7227772761321849
Central,2013-11-11,0,None,Storm,29,0.6728912600219069
Central,2013-03-11,0,None,Cold,8,0.7965312703445729
Central,2013-08-12,0,None,Storm,8,1.3720754682228162
Central,2013-12-30,0,None,Hot,3,1.2919484031011947
Central,2014-01-27,0,None,Storm,37,1.2444716238820244
Central,2014-02-24,0,None,Cold,14,0.5734768481510499
Central,2014-03-31,0,None,Hot,29,1.4276768876037176
Central,2014-04-28,0,None,Sunny,25,0.7820942169217437
Central,2014-05-26,0,None,Cold,32,0.8073727875509691
Central,2014-06-30,0,None,Rainy,16,0.6119187302891054
Central,2014-07-28,0,None,Hot,13,0.6619121732316419
Central,2014-09-01,0,None,Hot,18,1.1251631816517296
Central,2014-09-29,0,None,Storm,22,1.0557192919026335
Central,2014-10-27,0,None,Cold,33,1.0247603604488482
Central,2014-12-01,0,None,Rainy,22,0.7680529484971518
Central,2014-06-02,0,None,Rainy,9,1.3728200961448485
Central,2014-02-03,0,None,Hot,19,0.7470575755693333
Central,2014-03-03,0,None,Cold,3,0.9562928946758117
Central,2014-11-03,0,None,Hot,24,1.3453406777164656
Central,2014-08-04,1,Christmas,Sunny,16,1.0500424994704427
Central,2014-05-05,1,Labor Day,Hot,36,0.5303333803654756
Central,2014-01-06,1,Independence Day,Hot,20,1.3175922400010305
Central,2014-10-06,1,Labor Day,Cold,28,0.7084612665618294
Central,2014-04-07,0,None,Sunny,23,0.9248141137297001
Central,2014-07-07,0,None,Hot,28,0.9428020036904656
Central,2014-09-08,0,None,Rainy,23,1.4096588991984844
Central,2014-12-08,0,None,Sunny,29,0.8943871636187023
Central,2014-06-09,0,None,Cold,35,1.2365518489666063
Central,2014-02-10,1,None,Storm,4,1.2019021411303374
Central,2014-03-10,0,None,Rainy,38,1.0101989994557203
Central,2014-11-10,0,None,Hot,11,1.3789466135168131
Central,2014-08-11,0,None,Hot,5,1.2148796592806907
Central,2014-05-12,0,None,Sunny,5,0.5298642570590939
South,2010-12-27,0,None,Storm,35,0.5181911879124033
South,2011-01-31,0,None,Cold,15,0.8026073634522258
South,2011-02-28,1,Labor Day,Storm,33,1.2366154094550847
South,2011-03-28,0,None,Storm,7,0.9357398932379795
South,2011-04-25,1,Independence Day,Rainy,25,1.335934908289047
South,2011-05-30,0,None,Rainy,20,0.5065595027582609
South,2011-06-27,1,Labor Day,Cold,21,0.569691490577355
South,2011-08-01,0,None,Cold,1,0.8957182820499138
South,2011-08-29,1,Independence Day,Storm,8,0.7292845874715936
South,2011-09-26,0,None,Cold,8,0.6575788028998893
South,2011-10-31,0,None,Hot,11,1.2795395806657783
South,2011-11-28,0,None,Hot,35,1.1888575380336457
South,1900-01-01,0,None,Hot,17,0.5052558807519174
South,2011-05-02,0,None,Hot,19,0.8495946641008042
South,2011-01-03,0,None,Storm,4,1.0194200929501047
South,2011-10-03,1,Christmas,Cold,12,1.4486954720674317
South,2011-04-04,0,None,Rainy,23,0.985042030296874
South,2011-07-04,1,None,Sunny,24,1.4321435747150548
South,2011-09-05,0,None,Storm,24,1.000129398510665
South,2011-12-05,0,None,Hot,14,0.8869488815386009
South,2011-06-06,1,Independence Day,Storm,20,0.8854475578481658
South,2011-02-07,0,None,Rainy,2,1.4064363723296345
South,2011-11-07,0,None,Rainy,33,1.4618677408637213
South,2011-03-07,0,None,Cold,33,0.6022345166781841
South,2011-08-08,1,Independence Day,Hot,0,1.4576651292745413
South,2011-05-09,0,None,Rainy,31,0.8354794106165785
South,2011-01-10,0,None,Sunny,38,1.346500312481859
South,2011-10-10,1,Independence Day,Sunny,35,1.498338514530514
South,2011-04-11,0,None,Cold,10,0.9623281125108273
South,2011-07-11,0,None,Rainy,19,0.6430582691796214
South,2011-09-12,0,None,Sunny,36,1.4924201064254592
South,2011-12-12,0,None,Storm,0,1.1335413514160428
South,2012-01-30,0,None,Cold,13,0.969583138798153
South,2012-02-27,0,None,Rainy,22,1.4438472244462979
South,2012-03-26,0,None,Cold,8,1.2074935177804922
South,2012-04-30,1,Christmas,Hot,7,0.7430184678802473
South,2012-05-28,0,None,Rainy,7,1.16573937273787
South,2012-06-25,0,None,Storm,30,0.561330245173308
South,2012-07-30,0,None,Rainy,23,0.6684378738830907
South,2012-08-27,1,None,Storm,20,0.7203384384368997
South,2012-10-01,1,None,Hot,16,1.4156093351108776
South,2012-10-29,0,None,Storm,33,1.3805867363210025
South,2012-11-26,0,None,Rainy,29,0.8788878944974918
South,2012-01-02,0,None,Hot,18,0.6113671448010006
South,2012-04-02,0,None,Cold,30,1.0315917279417004
South,2012-07-02,0,None,Cold,29,1.3615659729566967
South,2012-09-03,0,None,Sunny,9,0.8335922223794521
South,2012-12-03,0,None,Sunny,10,1.009766519009001
South,2012-06-04,1,Labor Day,Sunny,28,0.6121384865067091
South,2012-03-05,0,None,Sunny,22,1.38590498859739
South,2012-11-05,1,None,Storm,10,0.5406260647271269
South,2012-02-06,0,None,Hot,35,0.7776194151674002
South,2012-08-06,0,None,Rainy,20,1.1367012791365365
South,2012-05-07,0,None,Storm,0,0.6242542705272517
South,2012-10-08,0,None,Cold,9,1.498684068656697
South,2012-01-09,1,None,Sunny,33,0.5111447339055987
South,2012-04-09,0,None,Rainy,6,1.184135233357184
South,2012-07-09,1,Christmas,Cold,21,0.6672607790043196
South,2012-09-10,0,None,Storm,38,1.035356359383282
South,2012-12-10,0,None,Cold,25,0.6190307513337662
South,2012-06-11,0,None,Cold,10,1.273277748093805
South,2012-03-12,0,None,Sunny,7,1.3188685875219446
South,2012-11-12,0,None,Storm,16,0.7793627978783013
South,2012-12-31,0,None,Sunny,29,1.0689154274777417
South,2013-01-28,0,None,Sunny,20,1.2344686229086657
South,2013-02-25,0,None,Cold,1,0.5234941179409184
South,2013-04-01,0,None,Cold,12,0.6122004178301241
South,2013-04-29,1,Labor Day,Storm,37,1.0537835194457674
South,2013-05-27,0,None,Cold,13,0.6727825227452252
South,2013-07-01,0,None,Hot,26,1.2087850839618492
South,2013-07-29,0,None,Rainy,21,1.1342993491576652
South,2013-08-26,0,None,Cold,9,1.1313900723147392
South,2013-09-30,0,None,Cold,2,0.8004174357751769
South,2013-10-28,0,None,Sunny,5,0.9534933406913183
South,2013-11-25,0,None,Cold,24,1.452485603932133
South,2013-09-02,0,None,Sunny,30,0.6870105753417299
South,2013-12-02,0,None,Rainy,34,0.9811192011918185
South,2013-06-03,0,None,Sunny,7,0.5047965514462419
South,2013-02-04,0,None,Cold,4,1.25163461898061
South,2013-03-04,0,None,Sunny,17,1.103573659521249
South,2013-11-04,1,Independence Day,Cold,13,1.3369606112843013
South,2013-08-05,0,None,Hot,24,0.6344930928622572
South,2013-05-06,0,None,Hot,16,1.4933678059718027
South,2013-01-07,0,None,Rainy,14,0.5632976293472223
South,2013-10-07,0,None,Rainy,35,0.9264495695124759
South,2013-04-08,0,None,Cold,2,1.2032877958761161
South,2013-07-08,0,None,Rainy,31,0.9521141940514859
South,2013-09-09,0,None,Rainy,11,0.8206201199544726
South,2013-12-09,0,None,Rainy,39,0.822758014163809
South,2013-06-10,0,None,Sunny,4,1.2196809310044818
South,2013-02-11,0,None,Rainy,39,0.6224484885335465
South,2013-11-11,0,None,Rainy,22,1.4192987852486663
South,2013-03-11,0,None,Cold,3,1.3623038126677445
South,2013-08-12,0,None,Sunny,37,1.2955519915587788
South,2013-12-30,1,None,Sunny,16,1.1269545850337543
South,2014-01-27,0,None,Hot,15,1.0137880512061042
South,2014-02-24,1,Labor Day,Cold,7,0.8447587775392476
South,2014-03-31,0,None,Storm,12,0.8531142074494333
South,2014-04-28,0,None,Cold,5,0.9922532530926544
South,2014-05-26,0,None,Storm,8,0.5771685334505569
South,2014-06-30,0,None,Hot,39,1.223682184174958
South,2014-07-28,0,None,Rainy,30,1.258438510167593
South,2014-09-01,0,None,Storm,23,0.9887685237513987
South,2014-09-29,1,Christmas,Storm,29,0.525510936381929
South,2014-10-27,0,None,Hot,9,1.1894311555499808
South,2014-12-01,0,None,Cold,17,1.315769838977645
South,2014-06-02,0,None,Sunny,22,1.078508862002134
South,2014-02-03,0,None,Rainy,15,0.5488983250623468
South,2014-03-03,1,None,Storm,10,0.6534274565264422
South,2014-11-03,1,Labor Day,Cold,11,0.5075663162779458
South,2014-08-04,0,None,Storm,23,1.1339336399788835
South,2014-05-05,0,None,Cold,2,1.3185849871659152
South,2014-01-06,0,None,Sunny,39,0.5066807519532311
South,2014-10-06,0,None,Storm,36,1.2752237120124283
South,2014-04-07,0,None,Hot,30,1.340786178870636
South,2014-07-07,0,None,Rainy,4,1.4513113885163442
South,2014-09-08,0,None,Storm,1,1.3286400973084502
South,2014-12-08,0,None,Hot,14,1.32482930355411
South,2014-06-09,1,None,Sunny,13,0.8774890110082827
South,2014-02-10,0,None,Hot,30,0.677625166501843
South,2014-03-10,0,None,Hot,17,1.3684914239624013
South,2014-11-10,0,None,Storm,35,1.1552571075453733
South,2014-08-11,0,None,Sunny,34,1.1141837851846013
South,2014-05-12,0,None,Rainy,25,1.2245725609504317
Caribbean,2010-12-27,0,None,Storm,19,1.3884488081427233
Caribbean,2011-01-31,0,None,Rainy,33,1.423604360551792
Caribbean,2011-02-28,1,Labor Day,Hot,33,0.8122794368163692
Caribbean,2011-03-28,0,None,Storm,23,1.0173305575552463
Caribbean,2011-04-25,1,Labor Day,Cold,24,0.7691494862010141
Caribbean,2011-05-30,0,None,Storm,3,1.1721789651155476
Caribbean,2011-06-27,0,None,Hot,28,0.7194551502157787
Caribbean,2011-08-01,0,None,Sunny,36,0.8907830329330811
Caribbean,2011-08-29,0,None,Rainy,32,0.8053649098430175
Caribbean,2011-09-26,0,None,Cold,17,0.5161811005602058
Caribbean,2011-10-31,1,None,Hot,10,0.7040212107971571
Caribbean,2011-11-28,0,None,Rainy,0,0.9173475621860775
Caribbean,1900-01-01,1,None,Storm,12,0.8770619453090126
Caribbean,2011-05-02,1,None,Storm,30,1.112891701569001
Caribbean,2011-01-03,1,Christmas,Hot,6,1.2495729129099225
Caribbean,2011-10-03,0,None,Hot,10,1.4708453563185828
Caribbean,2011-04-04,0,None,Rainy,25,0.856115358380883
Caribbean,2011-07-04,1,Christmas,Storm,22,0.8312007214577669
Caribbean,2011-09-05,0,None,Hot,10,1.096099367803371
Caribbean,2011-12-05,0,None,Cold,28,1.16424331372361
Caribbean,2011-06-06,0,None,Sunny,37,1.2078809545224836
Caribbean,2011-02-07,0,None,Storm,26,0.870972382044116
Caribbean,2011-11-07,0,None,Sunny,6,0.7505856503952881
Caribbean,2011-03-07,0,None,Hot,31,0.9392714660791036
Caribbean,2011-08-08,0,None,Storm,32,0.5250020741822126
Caribbean,2011-05-09,0,None,Cold,28,0.8057858824492431
Caribbean,2011-01-10,0,None,Storm,26,1.1557515230400395
Caribbean,2011-10-10,0,None,Cold,0,1.0744641923738696
Caribbean,2011-04-11,1,None,Cold,17,1.2609101044526327
Caribbean,2011-07-11,0,None,Storm,7,0.8825289317529825
Caribbean,2011-09-12,0,None,Cold,29,0.820349752221401
Caribbean,2011-12-12,0,None,Cold,11,1.0725501836722937
Caribbean,2012-01-30,0,None,Storm,24,1.3058775853343398
Caribbean,2012-02-27,0,None,Cold,34,0.8844824091852974
Caribbean,2012-03-26,1,None,Storm,13,0.5448128208688554
Caribbean,2012-04-30,0,None,Storm,24,1.1739763479409737
Caribbean,2012-05-28,1,None,Hot,2,1.3244153456778758
Caribbean,2012-06-25,0,None,Sunny,6,1.0058241935961159
Caribbean,2012-07-30,0,None,Cold,34,1.478822191166433
Caribbean,2012-08-27,0,None,Sunny,25,0.6733330638535606
Caribbean,2012-10-01,0,None,Sunny,24,0.5288190171908862
Caribbean,2012-10-29,0,None,Storm,2,1.203840926064228
Caribbean,2012-11-26,0,None,Hot,32,0.5113556789642517
Caribbean,2012-01-02,0,None,Storm,1,0.9309892929157735
Caribbean,2012-04-02,1,Independence Day,Storm,5,0.9289334263539787
Caribbean,2012-07-02,0,None,Storm,0,0.5217422550266089
Caribbean,2012-09-03,0,None,Storm,29,0.9774793556666522
Caribbean,2012-12-03,0,None,Sunny,28,1.3939357319807666
Caribbean,2012-06-04,0,None,Cold,35,0.8358811641487912
Caribbean,2012-03-05,0,None,Cold,12,0.9783463840723597
Caribbean,2012-11-05,0,None,Storm,8,0.9802806474221604
Caribbean,2012-02-06,1,Christmas,Sunny,2,1.0281335907796512
Caribbean,2012-08-06,1,Christmas,Rainy,20,0.6626548028531116
Caribbean,2012-05-07,0,None,Storm,23,0.7972226794785764
Caribbean,2012-10-08,0,None,Sunny,12,0.5713228522971273
Caribbean,2012-01-09,0,None,Rainy,39,0.9167085774982885
Caribbean,2012-04-09,1,Independence Day,Storm,2,1.0381917913932535
Caribbean,2012-07-09,1,Christmas,Hot,33,1.0282922364762175
Caribbean,2012-09-10,0,None,Rainy,7,0.8402455687281937
Caribbean,2012-12-10,0,None,Hot,39,1.2302211374988912
Caribbean,2012-06-11,0,None,Rainy,25,0.6180238563585697
Caribbean,2012-03-12,0,None,Storm,29,1.0034622903221528
Caribbean,2012-11-12,0,None,Sunny,32,1.4476112469534472
Caribbean,2012-12-31,1,None,Cold,11,0.9996964974825813
Caribbean,2013-01-28,0,None,Cold,28,0.8552713440016325
Caribbean,2013-02-25,1,Christmas,Storm,20,1.3031802661959127
Caribbean,2013-04-01,1,None,Sunny,19,0.989584609101818
Caribbean,2013-04-29,0,None,Storm,11,0.7631883459981547
Caribbean,2013-05-27,0,None,Cold,3,1.1327046214268304
Caribbean,2013-07-01,0,None,Sunny,31,0.8032108650329686
Caribbean,2013-07-29,0,None,Storm,30,1.3478961461895682
Caribbean,2013-08-26,1,Labor Day,Hot,18,1.0629193625889093
Caribbean,2013-09-30,0,None,Hot,7,0.7951536118420824
Caribbean,2013-10-28,0,None,Rainy,17,0.97323791040722
Caribbean,2013-11-25,0,None,Storm,37,1.2242217851538364
Caribbean,2013-09-02,0,None,Sunny,39,0.5863377002398037
Caribbean,2013-12-02,0,None,Cold,5,0.8836633544500311
Caribbean,2013-06-03,0,None,Sunny,35,1.4575865089924767
Caribbean,2013-02-04,1,Labor Day,Hot,5,1.1986382634256043
Caribbean,2013-03-04,0,None,Cold,0,1.342404737079645
Caribbean,2013-11-04,0,None,Cold,2,0.5798440054864399
Caribbean,2013-08-05,0,None,Storm,25,0.7675644911859016
Caribbean,2013-05-06,0,None,Hot,19,1.0411040934009947
Caribbean,2013-01-07,0,None,Storm,23,1.1258752866673534
Caribbean,2013-10-07,0,None,Sunny,1,1.2685995525156066
Caribbean,2013-04-08,0,None,Cold,33,0.57910008738272
Caribbean,2013-07-08,1,Christmas,Sunny,23,0.5002155044031824
Caribbean,2013-09-09,0,None,Rainy,28,0.7066774273315692
Caribbean,2013-12-09,0,None,Rainy,7,0.9346261991503361
Caribbean,2013-06-10,0,None,Sunny,26,0.9677921976434057
Caribbean,2013-02-11,0,None,Storm,28,0.5264813259992981
Caribbean,2013-11-11,1,Labor Day,Storm,16,0.8509658313776962
Caribbean,2013-03-11,0,None,Hot,19,1.0965808711516933
Caribbean,2013-08-12,0,None,Rainy,7,1.3504856980921844
Caribbean,2013-12-30,0,None,Storm,11,0.6534260431198484
Caribbean,2014-01-27,0,None,Hot,24,0.9297303740544508
Caribbean,2014-02-24,0,None,Hot,0,0.5059806754243732
Caribbean,2014-03-31,0,None,Hot,23,1.3725925972756756
Caribbean,2014-04-28,1,Labor Day,Sunny,2,0.7175464172396219
Caribbean,2014-05-26,0,None,Rainy,15,1.194492905176109
Caribbean,2014-06-30,0,None,Sunny,11,0.891354629455997
Caribbean,2014-07-28,0,None,Hot,11,0.797998779310026
Caribbean,2014-09-01,0,None,Cold,35,0.5337909936112473
Caribbean,2014-09-29,0,None,Rainy,37,0.7175222446921876
Caribbean,2014-10-27,0,None,Rainy,18,1.0930709594068038
Caribbean,2014-12-01,0,None,Cold,26,1.3202661704853083
Caribbean,2014-06-02,0,None,Cold,28,0.9633635225585031
Caribbean,2014-02-03,0,None,Storm,30,0.9152842957522065
Caribbean,2014-03-03,0,None,Sunny,33,0.7328284518888469
Caribbean,2014-11-03,0,None,Storm,2,1.424286992450441
Caribbean,2014-08-04,0,None,Cold,1,1.01611450837893
Caribbean,2014-05-05,0,None,Cold,18,0.6969116938051295
Caribbean,2014-01-06,1,Independence Day,Cold,0,0.8433139490712624
Caribbean,2014-10-06,0,None,Storm,31,0.7255080004697637
Caribbean,2014-04-07,0,None,Cold,12,1.0002706581326968
Caribbean,2014-07-07,1,Labor Day,Sunny,6,0.8505914497181866
Caribbean,2014-09-08,0,None,Rainy,19,1.4788892531900002
Caribbean,2014-12-08,0,None,Sunny,21,0.9310907600737579
Caribbean,2014-06-09,0,None,Rainy,20,0.6027796061617648
Caribbean,2014-02-10,1,Labor Day,Rainy,27,0.6462050719196932
Caribbean,2014-03-10,1,None,Storm,19,1.0304633521271267
Caribbean,2014-11-10,0,None,Rainy,26,1.4219022793980827
Caribbean,2014-08-11,0,None,Hot,15,1.3937531752207066
Caribbean,2014-05-12,0,None,Rainy,18,1.0408362724507807
North Asia,2010-12-27,1,Labor Day,Rainy,3,0.680460046755289
North Asia,2011-01-31,1,Christmas,Storm,26,0.6519132686771905
North Asia,2011-02-28,0,None,Hot,32,0.8726460472967614
North Asia,2011-03-28,0,None,Sunny,18,0.5857213654828937
North Asia,2011-04-25,0,None,Rainy,2,1.109062937585417
North Asia,2011-05-30,1,None,Sunny,6,1.0669537293884224
North Asia,2011-06-27,0,None,Sunny,37,0.9493392432266248
North Asia,2011-08-01,0,None,Cold,32,1.0731557605397681
North Asia,2011-08-29,0,None,Sunny,15,0.8251431067206482
North Asia,2011-09-26,0,None,Hot,20,0.6309166560531008
North Asia,2011-10-31,0,None,Hot,1,1.2567000673653035
North Asia,2011-11-28,1,Christmas,Cold,24,1.2648394137469343
North Asia,1900-01-01,0,None,Hot,17,1.485533267085709
North Asia,2011-05-02,1,Independence Day,Sunny,7,0.5895960050440301
North Asia,2011-01-03,0,None,Hot,33,0.9069489036511199
North Asia,2011-10-03,1,Christmas,Rainy,3,0.5572266606889762
North Asia,2011-04-04,0,None,Hot,14,0.9632549800752177
North Asia,2011-07-04,0,None,Sunny,16,0.6341938915088622
North Asia,2011-09-05,0,None,Storm,13,0.768393752678931
North Asia,2011-12-05,0,None,Storm,32,1.2055736697088206
North Asia,2011-06-06,0,None,Storm,29,0.9246069134156814
North Asia,2011-02-07,0,None,Hot,19,0.7179851221649208
North Asia,2011-11-07,0,None,Sunny,24,1.2861001754611365
North Asia,2011-03-07,0,None,Cold,22,0.9738730376053232
North Asia,2011-08-08,1,None,Storm,32,0.5405366457843319
North Asia,2011-05-09,0,None,Storm,38,0.5054906027739106
North Asia,2011-01-10,0,None,Rainy,15,1.1216735781716827
North Asia,2011-10-10,0,None,Rainy,0,0.6488539320215546
North Asia,2011-04-11,0,None,Cold,15,0.5008463695022314
North Asia,2011-07-11,0,None,Hot,19,0.6289815698487924
North Asia,2011-09-12,1,None,Cold,33,0.6115698003770276
North Asia,2011-12-12,0,None,Rainy,34,1.1018074409813745
North Asia,2012-01-30,1,Labor Day,Rainy,19,0.6488042151214036
North Asia,2012-02-27,0,None,Rainy,39,1.3940123453104598
North Asia,2012-03-26,0,None,Rainy,6,1.1260594438918488
North Asia,2012-04-30,0,None,Cold,26,1.4053404337548328
North Asia,2012-05-28,0,None,Hot,36,0.5333407807123806
North Asia,2012-06-25,0,None,Sunny,37,1.3264189448870407
North Asia,2012-07-30,0,None,Hot,39,0.9282889047349996
North Asia,2012-08-27,0,None,Rainy,6,1.4970546316364874
North Asia,2012-10-01,1,Christmas,Rainy,16,1.3342384157521843
North Asia,2012-10-29,0,None,Storm,20,1.1071934587693528
North Asia,2012-11-26,1,Labor Day,Cold,1,0.5416428421019133
North Asia,2012-01-02,0,None,Storm,21,1.3090813772179546
North Asia,2012-04-02,0,None,Rainy,29,0.5868503053333767
North Asia,2012-07-02,0,None,Sunny,29,0.9670824115241763
North Asia,2012-09-03,1,Independence Day,Cold,23,1.2257232120954713
North Asia,2012-12-03,0,None,Sunny,12,1.1709451003809668
North Asia,2012-06-04,0,None,Rainy,24,1.3539030560805014
North Asia,2012-03-05,1,Independence Day,Rainy,35,0.5642353397016537
North Asia,2012-11-05,0,None,Sunny,8,0.6245139530451222
North Asia,2012-02-06,0,None,Storm,8,0.6564694655673295
North Asia,2012-08-06,0,None,Rainy,39,1.1532278365137043
North Asia,2012-05-07,1,Christmas,Rainy,20,1.0143713554137777
North Asia,2012-10-08,1,Independence Day,Sunny,32,1.3046674353334726
North Asia,2012-01-09,0,None,Sunny,19,1.1075320296393567
North Asia,2012-04-09,0,None,Rainy,1,0.6030294497726025
North Asia,2012-07-09,0,None,Cold,19,0.8050131176830196
North Asia,2012-09-10,0,None,Rainy,6,1.302205072325091
North Asia,2012-12-10,0,None,Rainy,29,1.0597291898562506
North Asia,2012-06-11,1,Christmas,Sunny,33,1.3607779884996647
North Asia,2012-03-12,0,None,Rainy,26,0.6242898399394542
North Asia,2012-11-12,0,None,Rainy,33,0.5952731412508305
North Asia,2012-12-31,0,None,Sunny,20,0.857965028054623
North Asia,2013-01-28,0,None,Hot,14,1.175554687591436
North Asia,2013-02-25,0,None,Cold,35,0.8546285246933458
North Asia,2013-04-01,0,None,Cold,12,1.4130450785472435
North Asia,2013-04-29,1,None,Hot,12,1.1828038820738063
North Asia,2013-05-27,1,None,Sunny,9,0.8852187528556815
North Asia,2013-07-01,0,None,Hot,1,0.8816456716927146
North Asia,2013-07-29,0,None,Sunny,20,1.2721788407190031
North Asia,2013-08-26,0,None,Sunny,11,0.9316491568594156
North Asia,2013-09-30,0,None,Cold,3,1.4104921324691575
North Asia,2013-10-28,0,None,Hot,17,0.6025842497714233
North Asia,2013-11-25,1,Independence Day,Sunny,5,1.1505779834107699
North Asia,2013-09-02,1,Christmas,Storm,14,0.6177292948373082
North Asia,2013-12-02,0,None,Rainy,1,1.1742892637526188
North Asia,2013-06-03,1,None,Storm,28,0.7611014066731809
North Asia,2013-02-04,0,None,Storm,22,1.0853817871811255
North Asia,2013-03-04,0,None,Storm,18,0.9300499804615172
North Asia,2013-11-04,0,None,Cold,17,1.2017558948720384
North Asia,2013-08-05,0,None,Rainy,13,0.537345934263415
North Asia,2013-05-06,1,Christmas,Cold,12,1.3518237372566464
North Asia,2013-01-07,0,None,Cold,22,1.141386002009345
North Asia,2013-10-07,1,Independence Day,Cold,4,0.5680523226525364
North Asia,2013-04-08,0,None,Hot,18,0.8328460814682404
North Asia,2013-07-08,0,None,Rainy,2,1.2494719208573817
North Asia,2013-09-09,0,None,Cold,25,1.393026155831748
North Asia,2013-12-09,0,None,Sunny,2,1.1817013831437377
North Asia,2013-06-10,0,None,Storm,16,0.5225504951090497
North Asia,2013-02-11,0,None,Rainy,28,1.1635862319545671
North Asia,2013-11-11,0,None,Storm,18,0.542048706075671
North Asia,2013-03-11,0,None,Rainy,3,1.2539413405296158
North Asia,2013-08-12,1,Christmas,Rainy,5,0.616982714792147
North Asia,2013-12-30,1,Labor Day,Cold,7,0.7882079967273792
North Asia,2014-01-27,0,None,Hot,0,0.7528384228340489
North Asia,2014-02-24,0,None,Sunny,8,0.5913621284729127
North Asia,2014-03-31,0,None,Cold,1,1.4320118127005483
North Asia,2014-04-28,0,None,Storm,16,0.6089273626821222
North Asia,2014-05-26,0,None,Hot,3,0.7020374115828791
North Asia,2014-06-30,0,None,Hot,27,0.9538007651549618
North Asia,2014-07-28,0,None,Hot,23,1.4241103674134046
North Asia,2014-09-01,1,Christmas,Sunny,24,0.8658856247309373
North Asia,2014-09-29,0,None,Sunny,11,1.4741113171658786
North Asia,2014-10-27,1,Independence Day,Storm,16,0.9094604709259345
North Asia,2014-12-01,0,None,Hot,23,1.1603929119529908
North Asia,2014-06-02,0,None,Hot,26,1.3649846402776402
North Asia,2014-02-03,0,None,Cold,13,0.7805979475587416
North Asia,2014-03-03,0,None,Cold,5,0.9324283103114684
North Asia,2014-11-03,0,None,Cold,2,0.9598134002786222
North Asia,2014-08-04,0,None,Cold,9,0.832103759064694
North Asia,2014-05-05,0,None,Cold,14,1.0198732685468404
North Asia,2014-01-06,0,None,Storm,30,0.8444981271029945
North Asia,2014-10-06,0,None,Cold,23,0.564798436292399
North Asia,2014-04-07,0,None,Sunny,13,1.0973571155337885
North Asia,2014-07-07,0,None,Storm,10,0.6714378749476543
North Asia,2014-09-08,0,None,Cold,11,0.6019431376888577
North Asia,2014-12-08,0,None,Rainy,4,1.3848128613010173
North Asia,2014-06-09,0,None,Hot,6,0.9849750976804085
North Asia,2014-02-10,0,None,Hot,20,0.7055291033958823
North Asia,2014-03-10,0,None,Hot,18,1.1042946842841048
North Asia,2014-11-10,0,None,Cold,17,1.2000142922542323
North Asia,2014-08-11,1,Independence Day,Cold,19,0.6260082732466377
North Asia,2014-05-12,0,None,Cold,4,0.8186217710838016
East,2010-12-27,0,None,Storm,24,0.5622193459274335
East,2011-01-31,0,None,Cold,37,1.4429876789798888
East,2011-02-28,0,None,Sunny,27,0.8029275491714271
East,2011-03-28,0,None,Rainy,29,1.2827954136683397
East,2011-04-25,0,None,Storm,39,0.8829382892193675
East,2011-05-30,0,None,Cold,31,0.5499442513770813
East,2011-06-27,1,Independence Day,Cold,33,1.4891996172105557
East,2011-08-01,0,None,Storm,15,1.4774649475116195
East,2011-08-29,1,Labor Day,Storm,12,1.3005096142994683
East,2011-09-26,0,None,Sunny,36,0.6621975014445373
East,2011-10-31,1,None,Sunny,11,1.1235986299012968
East,2011-11-28,0,None,Rainy,26,1.1511022619327083
East,1900-01-01,0,None,Cold,9,0.9880988483693861
East,2011-05-02,1,Independence Day,Storm,22,1.14550962504102
East,2011-01-03,0,None,Cold,15,1.467851287907542
East,2011-10-03,0,None,Sunny,25,0.9135727745871278
East,2011-04-04,0,None,Hot,36,0.6558032828093381
East,2011-07-04,0,None,Cold,32,1.0003709530079348
East,2011-09-05,0,None,Cold,20,0.9890514326417793
East,2011-12-05,0,None,Sunny,14,0.5815049533314459
East,2011-06-06,1,None,Rainy,32,0.9004136171157688
East,2011-02-07,0,None,Hot,35,0.6247601942809019
East,2011-11-07,0,None,Storm,31,1.4675074568289936
East,2011-03-07,0,None,Sunny,39,1.0443502028123537
East,2011-08-08,0,None,Hot,6,0.9680234409635955
East,2011-05-09,1,None,Sunny,25,1.3475300886689596
East,2011-01-10,0,None,Hot,35,0.9262723280206441
East,2011-10-10,0,None,Rainy,36,0.6506511880247383
East,2011-04-11,0,None,Cold,12,0.5137056162915531
East,2011-07-11,0,None,Storm,22,1.002295524578399
East,2011-09-12,1,Independence Day,Rainy,22,0.8195265371181272
East,2011-12-12,0,None,Hot,25,1.259532805741288
East,2012-01-30,0,None,Cold,27,1.015505450138781
East,2012-02-27,1,Independence Day,Sunny,14,1.2803664253938734
East,2012-03-26,0,None,Cold,36,1.4307534196297884
East,2012-04-30,0,None,Hot,34,0.5046341602428954
East,2012-05-28,1,Independence Day,Sunny,15,1.0720621903020118
East,2012-06-25,0,None,Rainy,38,1.2092409890597877
East,2012-07-30,0,None,Hot,25,1.1962638215469874
East,2012-08-27,1,Christmas,Rainy,20,1.492959894099361
East,2012-10-01,1,Christmas,Storm,20,1.4498023527198691
East,2012-10-29,0,None,Sunny,3,1.0173629817734695
East,2012-11-26,0,None,Hot,5,0.547612813399134
East,2012-01-02,0,None,Storm,15,0.7964872791973585
East,2012-04-02,0,None,Rainy,12,1.3635592186813175
East,2012-07-02,0,None,Storm,32,1.2629676856713108
East,2012-09-03,0,None,Hot,30,0.7087099212823064
East,2012-12-03,0,None,Storm,8,0.5181977667049502
East,2012-06-04,0,None,Hot,13,0.554409740477239
East,2012-03-05,0,None,Cold,15,0.6517758062586103
East,2012-11-05,0,None,Storm,28,1.386412324704497
East,2012-02-06,0,None,Cold,31,1.0682434952920572
East,2012-08-06,0,None,Rainy,33,0.8536754924639796
East,2012-05-07,0,None,Hot,16,1.163103131677668
East,2012-10-08,0,None,Storm,39,0.5447457153015974
East,2012-01-09,0,None,Sunny,28,1.2953323637784768
East,2012-04-09,0,None,Sunny,37,0.8008469810475092
East,2012-07-09,1,Christmas,Sunny,24,0.7695150745873908
East,2012-09-10,1,Labor Day,Hot,28,0.7456995169526597
East,2012-12-10,0,None,Rainy,29,0.9317278410317539
East,2012-06-11,0,None,Storm,20,1.1435077076346638
East,2012-03-12,1,Labor Day,Storm,29,1.442925738560886
East,2012-11-12,1,Christmas,Cold,39,0.9147528752172888
East,2012-12-31,0,None,Cold,33,0.9447448995168325
East,2013-01-28,1,Christmas,Cold,24,1.29446286717476
East,2013-02-25,0,None,Storm,21,0.6527956945870043
East,2013-04-01,0,None,Hot,32,1.2853677160487296
East,2013-04-29,0,None,Sunny,20,1.1141016163614632
East,2013-05-27,0,None,Hot,13,0.9197886441782324
East,2013-07-01,1,Independence Day,Hot,4,1.1160612887581927
East,2013-07-29,0,None,Hot,8,1.2693373294958277
East,2013-08-26,1,None,Cold,39,1.4984026510475768
East,2013-09-30,0,None,Hot,26,0.6481168144895739
East,2013-10-28,0,None,Cold,33,0.7924459137635956
East,2013-11-25,0,None,Rainy,36,0.5885324239371243
East,2013-09-02,0,None,Rainy,26,0.7249364289236853
East,2013-12-02,1,Labor Day,Hot,10,0.728870355084129
East,2013-06-03,0,None,Rainy,26,1.3968797888886144
East,2013-02-04,0,None,Rainy,22,1.151929877622434
East,2013-03-04,0,None,Storm,37,1.2718442692595269
East,2013-11-04,0,None,Storm,23,0.7110014459676929
East,2013-08-05,1,None,Rainy,29,0.790249439614556
East,2013-05-06,0,None,Rainy,29,0.793018558539733
East,2013-01-07,0,None,Sunny,8,0.619344947218546
East,2013-10-07,0,None,Cold,6,1.076098847510385
East,2013-04-08,0,None,Hot,32,1.0484683924450966
East,2013-07-08,0,None,Hot,31,1.1013154642204583
East,2013-09-09,0,None,Hot,29,1.2322369562753352
East,2013-12-09,0,None,Cold,8,1.478192108921776
East,2013-06-10,1,Christmas,Sunny,12,1.3795222924730128
East,2013-02-11,0,None,Storm,13,1.4597847934233381
East,2013-11-11,1,None,Cold,5,0.87989526031138
East,2013-03-11,0,None,Sunny,23,0.843786621127048
East,2013-08-12,0,None,Sunny,17,1.2023943476123613
East,2013-12-30,0,None,Hot,0,0.908971670525254
East,2014-01-27,1,Christmas,Storm,21,1.1359757952598417
East,2014-02-24,0,None,Sunny,4,0.5502370879452559
East,2014-03-31,0,None,Sunny,31,1.261569097977085
East,2014-04-28,0,None,Cold,28,1.108895260781507
East,2014-05-26,0,None,Cold,4,0.6918302584945685
East,2014-06-30,0,None,Storm,15,1.0359938759340004
East,2014-07-28,0,None,Rainy,0,1.4129046216873926
East,2014-09-01,0,None,Hot,29,0.528731821080579
East,2014-09-29,0,None,Hot,26,1.0693853283173478
East,2014-10-27,1,None,Hot,16,1.3929531927614989
East,2014-12-01,0,None,Storm,27,1.486767985730464
East,2014-06-02,0,None,Sunny,23,0.9224045351001429
East,2014-02-03,0,None,Sunny,8,0.940635237808007
East,2014-03-03,0,None,Sunny,11,0.5771437729487129
East,2014-11-03,0,None,Hot,37,1.0275136122462336
East,2014-08-04,0,None,Cold,34,0.7737787695221054
East,2014-05-05,0,None,Cold,3,0.8947107194584092
East,2014-01-06,0,None,Hot,6,1.2382467025235475
East,2014-10-06,0,None,Sunny,24,0.7250688213032018
East,2014-04-07,0,None,Sunny,18,1.3068455628658622
East,2014-07-07,0,None,Storm,21,0.7592132305833782
East,2014-09-08,0,None,Hot,3,0.86697602345322
East,2014-12-08,0,None,Storm,2,1.4865779083491675
East,2014-06-09,0,None,Cold,31,0.8160995573301941
East,2014-02-10,0,None,Hot,13,1.479110096032594
East,2014-03-10,0,None,Hot,22,0.6868475458647585
East,2014-11-10,0,None,Cold,36,1.3731751267726406
East,2014-08-11,0,None,Sunny,2,0.6986401552433955
East,2014-05-12,1,Labor Day,Cold,8,1.1255498053461348
West,2010-12-27,0,None,Cold,0,0.9171012281773935
West,2011-01-31,0,None,Storm,29,1.1081535743726127
West,2011-02-28,0,None,Cold,6,1.2046784983930379
West,2011-03-28,0,None,Storm,12,1.3443330274888257
West,2011-04-25,0,None,Hot,29,0.6579412698570549
West,2011-05-30,0,None,Hot,33,1.27567491339114
West,2011-06-27,0,None,Cold,20,1.4292577557156059
West,2011-08-01,0,None,Hot,35,1.1333892950015454
West,2011-08-29,1,None,Hot,26,0.8440450898577505
West,2011-09-26,0,None,Hot,21,1.3407785995301502
West,2011-10-31,0,None,Hot,35,1.1478344975356802
West,2011-11-28,0,None,Storm,18,0.5323726124900914
West,1900-01-01,0,None,Storm,29,0.6676545971901671
West,2011-05-02,0,None,Rainy,1,0.6498422466165973
West,2011-01-03,0,None,Hot,21,1.1273988647051403
West,2011-10-03,0,None,Sunny,4,0.5439413535975955
West,2011-04-04,0,None,Storm,21,1.3998364998100632
West,2011-07-04,0,None,Sunny,38,0.6328297164901499
West,2011-09-05,0,None,Rainy,6,1.4868642474735911
West,2011-12-05,1,None,Rainy,35,1.0230476497572152
West,2011-06-06,0,None,Storm,35,0.9146638520692265
West,2011-02-07,0,None,Storm,39,1.372606325889379
West,2011-11-07,0,None,Sunny,18,1.4665248544708511
West,2011-03-07,0,None,Storm,11,1.453803794452249
West,2011-08-08,0,None,Sunny,19,1.3387167082272036
West,2011-05-09,0,None,Rainy,28,1.1576561572201547
West,2011-01-10,0,None,Rainy,35,1.2178262869142524
West,2011-10-10,0,None,Hot,39,0.5979456089747804
West,2011-04-11,0,None,Cold,38,1.3280784234745047
West,2011-07-11,0,None,Rainy,15,1.462883527283247
West,2011-09-12,1,Labor Day,Rainy,35,0.8730737648293837
West,2011-12-12,0,None,Rainy,27,1.3671518385374568
West,2012-01-30,0,None,Cold,17,1.237663005520239
West,2012-02-27,0,None,Sunny,21,0.8323347055026922
West,2012-03-26,0,None,Sunny,19,0.8500783492025819
West,2012-04-30,0,None,Sunny,5,0.6239306183761177
West,2012-05-28,0,None,Cold,31,0.7828081862979859
West,2012-06-25,1,Christmas,Rainy,22,0.8716956719562289
West,2012-07-30,0,None,Storm,12,1.3695016742422814
West,2012-08-27,0,None,Cold,27,0.89119546501996
West,2012-10-01,0,None,Storm,6,1.3635451976485502
West,2012-10-29,1,Independence Day,Storm,16,0.7887229566826531
West,2012-11-26,0,None,Storm,35,0.7998548127809639
West,2012-01-02,1,Labor Day,Rainy,27,0.6257222146258395
West,2012-04-02,0,None,Rainy,1,0.5671239008293021
West,2012-07-02,0,None,Hot,23,1.1976370181949467
West,2012-09-03,0,None,Rainy,33,0.9360541214507667
West,2012-12-03,0,None,Hot,17,1.457809383766728
West,2012-06-04,0,None,Cold,34,0.9804307145246702
West,2012-03-05,0,None,Storm,3,0.5735281191016482
West,2012-11-05,0,None,Hot,13,0.6592803225039763
West,2012-02-06,1,Christmas,Cold,32,1.1370495918233552
West,2012-08-06,1,None,Cold,7,0.5110999987235408
West,2012-05-07,0,None,Rainy,11,1.1629990126790763
West,2012-10-08,0,None,Sunny,18,1.3642485671381663
West,2012-01-09,1,Christmas,Storm,37,1.0427116158662348
West,2012-04-09,1,Independence Day,Cold,34,1.1730414922374448
West,2012-07-09,0,None,Rainy,20,0.5395198582017418
West,2012-09-10,0,None,Cold,25,1.0548165175809001
West,2012-12-10,1,Labor Day,Storm,11,0.5478125690178597
West,2012-06-11,0,None,Rainy,32,1.4632915352378877
West,2012-03-12,0,None,Cold,16,1.0743254921643515
West,2012-11-12,0,None,Sunny,33,0.7097570112906759
West,2012-12-31,0,None,Storm,30,1.0481864050493621
West,2013-01-28,1,Christmas,Rainy,13,0.5560118915272566
West,2013-02-25,0,None,Cold,30,0.9411281172623249
West,2013-04-01,0,None,Hot,17,1.3214848545893922
West,2013-04-29,0,None,Rainy,24,0.5614313466357085
West,2013-05-27,0,None,Storm,29,1.169552364763434
West,2013-07-01,0,None,Rainy,30,1.2403207031760701
West,2013-07-29,0,None,Rainy,16,0.8322300594462746
West,2013-08-26,0,None,Sunny,5,1.0230482944107366
West,2013-09-30,0,None,Rainy,4,0.7382267859607256
West,2013-10-28,0,None,Rainy,2,0.6820681703113244
West,2013-11-25,0,None,Storm,6,1.1484562903983417
West,2013-09-02,0,None,Cold,28,0.7130258752455639
West,2013-12-02,1,Christmas,Rainy,27,0.7583563060799435
West,2013-06-03,0,None,Rainy,6,0.77810390065882
West,2013-02-04,0,None,Sunny,28,1.371688448969616
West,2013-03-04,0,None,Rainy,7,1.2391952649236853
West,2013-11-04,0,None,Hot,29,1.2181493858418744
West,2013-08-05,0,None,Rainy,4,0.7941280130252487
West,2013-05-06,0,None,Cold,24,0.7431140047993705
West,2013-01-07,0,None,Storm,14,0.5698276828396437
West,2013-10-07,0,None,Cold,16,1.385114978586584
West,2013-04-08,0,None,Sunny,11,0.5532475727357034
West,2013-07-08,0,None,Sunny,3,1.288915495670026
West,2013-09-09,0,None,Rainy,7,1.3234831371749924
West,2013-12-09,0,None,Hot,5,1.1600068434264927
West,2013-06-10,0,None,Sunny,22,1.389072674396345
West,2013-02-11,0,None,Sunny,33,1.2949201541674573
West,2013-11-11,1,Christmas,Hot,31,0.8308566908247282
West,2013-03-11,0,None,Hot,37,1.467505422017053
West,2013-08-12,0,None,Hot,6,1.163551281977313
West,2013-12-30,1,Christmas,Hot,33,0.8398609916158346
West,2014-01-27,0,None,Sunny,1,0.9450444790326442
West,2014-02-24,0,None,Hot,3,0.7090365868541627
West,2014-03-31,0,None,Rainy,25,0.6273484576945786
West,2014-04-28,0,None,Sunny,20,0.7709774823370331
West,2014-05-26,0,None,Sunny,4,0.6930777700513143
West,2014-06-30,0,None,Cold,1,1.3292732555720008
West,2014-07-28,1,Christmas,Rainy,32,1.1709945480296602
West,2014-09-01,0,None,Sunny,17,0.8098805479135271
West,2014-09-29,0,None,Storm,33,1.2060838090917065
West,2014-10-27,1,Christmas,Rainy,38,1.4567181705560848
West,2014-12-01,0,None,Sunny,20,1.2519132580626238
West,2014-06-02,0,None,Cold,13,0.9704192285120098
West,2014-02-03,1,Labor Day,Rainy,36,0.8339272340800207
West,2014-03-03,0,None,Cold,21,0.9458126373153252
West,2014-11-03,0,None,Cold,20,0.8976253682383676
West,2014-08-04,0,None,Sunny,39,1.2259122774407207
West,2014-05-05,0,None,Storm,25,0.6047805268216809
West,2014-01-06,0,None,Sunny,36,1.2458439652505984
West,2014-10-06,0,None,Sunny,38,1.208532391892376
West,2014-04-07,0,None,Rainy,4,1.1373046282782246
West,2014-07-07,0,None,Rainy,15,0.7470485545161943
West,2014-09-08,0,None,Sunny,13,0.7988281019177355
West,2014-12-08,0,None,Storm,3,0.8370510302819442
West,2014-06-09,0,None,Sunny,10,0.8647510597461833
West,2014-02-10,0,None,Storm,26,1.2249286746759123
West,2014-03-10,1,Independence Day,Rainy,25,0.8941686021398243
West,2014-11-10,0,None,Rainy,7,0.6720355608435731
West,2014-08-11,0,None,Storm,29,0.7296595089636236
West,2014-05-12,0,None,Rainy,20,1.4608764357987045
Central Asia,2010-12-27,0,None,Cold,25,0.9371974061265566
Central Asia,2011-01-31,0,None,Hot,31,1.0797796997872655
Central Asia,2011-02-28,0,None,Sunny,25,1.3553549104661524
Central Asia,2011-03-28,0,None,Hot,10,0.884842845070895
Central Asia,2011-04-25,0,None,Cold,30,0.6368227674373839
Central Asia,2011-05-30,0,None,Hot,6,0.9658706057562605
Central Asia,2011-06-27,0,None,Sunny,18,0.7519936815374932
Central Asia,2011-08-01,0,None,Storm,7,0.8231153466069018
Central Asia,2011-08-29,0,None,Storm,35,0.5134620042399647
Central Asia,2011-09-26,0,None,Storm,20,1.3652615316348946
Central Asia,2011-10-31,0,None,Cold,37,1.0909295009121127
Central Asia,2011-11-28,0,None,Cold,29,0.6827854955298073
Central Asia,1900-01-01,1,None,Rainy,22,1.278808184974778
Central Asia,2011-05-02,1,None,Storm,38,0.769809337492354
Central Asia,2011-01-03,0,None,Hot,38,1.0418962328305041
Central Asia,2011-10-03,0,None,Sunny,4,1.178909820310119
Central Asia,2011-04-04,0,None,Rainy,6,1.1234211306286452
Central Asia,2011-07-04,0,None,Storm,23,1.3101812358622236
Central Asia,2011-09-05,0,None,Rainy,27,1.1716419306781192
Central Asia,2011-12-05,0,None,Storm,24,0.9698435083657034
Central Asia,2011-06-06,0,None,Hot,16,0.6910873034241063
Central Asia,2011-02-07,0,None,Storm,36,0.6722676242883959
Central Asia,2011-11-07,0,None,Storm,22,0.5478365934065299
Central Asia,2011-03-07,0,None,Storm,34,0.5115866422731075
Central Asia,2011-08-08,0,None,Sunny,38,0.5992557003062063
Central Asia,2011-05-09,1,Labor Day,Cold,8,0.5160629509490006
Central Asia,2011-01-10,0,None,Sunny,16,1.4494881870439036
Central Asia,2011-10-10,1,None,Sunny,11,0.8007543572868348
Central Asia,2011-04-11,1,Labor Day,Sunny,15,1.0583056704912712
Central Asia,2011-07-11,0,None,Rainy,12,1.307108604180098
Central Asia,2011-09-12,0,None,Cold,35,0.6939599515071614
Central Asia,2011-12-12,0,None,Hot,3,1.1911581156950146
Central Asia,2012-01-30,0,None,Storm,23,0.8014771884729436
Central Asia,2012-02-27,0,None,Rainy,29,0.7842831803294374
Central Asia,2012-03-26,0,None,Sunny,10,0.859662901016779
Central Asia,2012-04-30,1,Christmas,Rainy,16,1.24151000579023
Central Asia,2012-05-28,0,None,Cold,18,0.8867346568241009
Central Asia,2012-06-25,1,Christmas,Cold,5,1.3282905052002676
Central Asia,2012-07-30,0,None,Storm,21,0.9038428761084603
Central Asia,2012-08-27,0,None,Hot,28,0.8794857209330915
Central Asia,2012-10-01,1,Christmas,Hot,38,0.9508204317882679
Central Asia,2012-10-29,0,None,Hot,5,1.378129160001173
Central Asia,2012-11-26,0,None,Sunny,1,1.0495515167831784
Central Asia,2012-01-02,1,Christmas,Hot,16,0.7663871226883925
Central Asia,2012-04-02,0,None,Storm,31,0.5781969003438816
Central Asia,2012-07-02,0,None,Rainy,37,1.1932517690925044
Central Asia,2012-09-03,0,None,Cold,36,0.5334316952739759
Central Asia,2012-12-03,0,None,Hot,22,1.1979275111593086
Central Asia,2012-06-04,0,None,Sunny,8,0.9760684199621766
Central Asia,2012-03-05,0,None,Cold,20,0.6713715641495391
Central Asia,2012-11-05,0,None,Rainy,1,0.7243903232089036
Central Asia,2012-02-06,0,None,Rainy,33,1.433393458562915
Central Asia,2012-08-06,1,Christmas,Sunny,4,0.5172518974466846
Central Asia,2012-05-07,0,None,Rainy,31,0.75375444599994
Central Asia,2012-10-08,0,None,Hot,0,0.5751302603407195
Central Asia,2012-01-09,0,None,Storm,22,1.1895155316849864
Central Asia,2012-04-09,0,None,Sunny,25,0.9492487011872847
Central Asia,2012-07-09,0,None,Hot,10,1.0635204302145174
Central Asia,2012-09-10,0,None,Cold,38,1.366938826627353
Central Asia,2012-12-10,1,None,Rainy,32,0.777278965163043
Central Asia,2012-06-11,0,None,Cold,24,0.6771221009441458
Central Asia,2012-03-12,0,None,Rainy,19,0.698973948739603
Central Asia,2012-11-12,0,None,Storm,23,0.7752694021645469
Central Asia,2012-12-31,0,None,Storm,19,1.0343434125066047
Central Asia,2013-01-28,0,None,Storm,23,1.0626315180386885
Central Asia,2013-02-25,0,None,Rainy,10,1.3276887160360564
Central Asia,2013-04-01,0,None,Hot,19,1.4391601432162222
Central Asia,2013-04-29,0,None,Hot,8,0.9448261947768538
Central Asia,2013-05-27,0,None,Rainy,31,0.6412573305454641
Central Asia,2013-07-01,1,Christmas,Rainy,33,0.8734929360971221
Central Asia,2013-07-29,0,None,Storm,18,0.8011580480231129
Central Asia,2013-08-26,0,None,Rainy,19,0.9299817072002691
Central Asia,2013-09-30,1,Christmas,Hot,6,0.6287530437723348
Central Asia,2013-10-28,0,None,Hot,23,0.8811247969338241
Central Asia,2013-11-25,0,None,Rainy,29,1.0553184990507956
Central Asia,2013-09-02,1,None,Hot,2,0.9616650433943019
Central Asia,2013-12-02,0,None,Sunny,0,0.9012851642403558
Central Asia,2013-06-03,0,None,Rainy,7,1.0844933315008143
Central Asia,2013-02-04,0,None,Cold,34,1.302635302422733
Central Asia,2013-03-04,0,None,Rainy,4,0.8561845086113047
Central Asia,2013-11-04,0,None,Sunny,12,0.9155100129437181
Central Asia,2013-08-05,0,None,Cold,36,1.1031200758330604
Central Asia,2013-05-06,0,None,Sunny,18,1.3913173979573203
Central Asia,2013-01-07,1,Christmas,Cold,1,1.0565028163377281
Central Asia,2013-10-07,1,Labor Day,Rainy,36,0.7474626426925484
Central Asia,2013-04-08,0,None,Rainy,27,0.5742712753350113
Central Asia,2013-07-08,1,None,Hot,21,1.4365245940155265
Central Asia,2013-09-09,0,None,Sunny,29,1.182452803476361
Central Asia,2013-12-09,0,None,Cold,5,0.5733320274066803
Central Asia,2013-06-10,0,None,Sunny,2,0.521882431418087
Central Asia,2013-02-11,1,Labor Day,Storm,4,0.8412473644782045
Central Asia,2013-11-11,0,None,Hot,33,0.8733099970237765
Central Asia,2013-03-11,0,None,Hot,16,0.952099210024866
Central Asia,2013-08-12,0,None,Hot,5,1.3693342963454138
Central Asia,2013-12-30,0,None,Rainy,9,0.8290133843722828
Central Asia,2014-01-27,1,Labor Day,Sunny,37,1.1571633504872267
Central Asia,2014-02-24,1,Labor Day,Cold,17,1.3019528711146875
Central Asia,2014-03-31,0,None,Hot,31,0.6116122055200234
Central Asia,2014-04-28,0,None,Hot,38,0.7144464524843459
Central Asia,2014-05-26,0,None,Storm,17,1.3456565884704668
Central Asia,2014-06-30,1,Independence Day,Storm,37,1.275290492392621
Central Asia,2014-07-28,0,None,Cold,38,0.8364882584086684
Central Asia,2014-09-01,0,None,Rainy,25,0.6777998200945812
Central Asia,2014-09-29,0,None,Storm,35,1.080002031598577
Central Asia,2014-10-27,0,None,Cold,39,1.2781236181701583
Central Asia,2014-12-01,1,Labor Day,Sunny,29,1.1418737423845926
Central Asia,2014-06-02,1,Labor Day,Cold,8,1.2546687905293106
Central Asia,2014-02-03,0,None,Cold,20,0.8248936585689817
Central Asia,2014-03-03,1,Christmas,Storm,32,0.6264139342136192
Central Asia,2014-11-03,0,None,Storm,33,1.042217954190467
Central Asia,2014-08-04,0,None,Sunny,17,1.4427686909974349
Central Asia,2014-05-05,0,None,Sunny,36,1.3715567804417281
Central Asia,2014-01-06,0,None,Hot,1,1.3759014138639785
Central Asia,2014-10-06,0,None,Sunny,25,1.2227768248182314
Central Asia,2014-04-07,0,None,Rainy,0,0.5267958596131712
Central Asia,2014-07-07,1,Labor Day,Storm,12,0.7440615390045738
Central Asia,2014-09-08,0,None,Storm,33,1.096973973087311
Central Asia,2014-12-08,0,None,Sunny,27,0.6152150404966211
Central Asia,2014-06-09,1,Christmas,Sunny,35,0.8664429690478075
Central Asia,2014-02-10,1,Christmas,Rainy,18,1.311619185471562
Central Asia,2014-03-10,0,None,Storm,9,1.1488270028382095
Central Asia,2014-11-10,0,None,Hot,5,0.883532167617668
Central Asia,2014-08-11,0,None,Hot,5,1.4063168101093204
Central Asia,2014-05-12,0,None,Hot,33,0.8884357155323556
