region,week,avg_shipping_delay_days,logistics_issue_flag,issue_reason,delivery_success_rate
Africa,2010-12-27,3,0,Weather,0.9693594627610792
Africa,2011-01-31,4,1,None,0.8607252091045019
Africa,2011-02-28,3,1,Traffic,0.867431874638132
Africa,2011-03-28,2,0,Weather,0.8039553729581079
Africa,2011-04-25,0,0,Weather,0.9799058263185397
Africa,2011-05-30,0,0,Traffic,0.8982090618826494
Africa,2011-06-27,4,0,Strike,0.8424796093646464
Africa,2011-08-01,3,0,Weather,0.9646119636035395
Africa,2011-08-29,4,0,Traffic,0.9763537288197397
Africa,2011-09-26,1,0,Weather,0.9003940146061121
Africa,2011-10-31,1,1,Strike,0.849057992560418
Africa,2011-11-28,1,1,Traffic,0.9433675016083543
Africa,1900-01-01,2,0,None,0.8541943295119248
Africa,2011-05-02,2,0,Strike,0.9987842882273835
Africa,2011-01-03,1,0,None,0.9581468132733716
Africa,2011-10-03,0,0,Traffic,0.8831391948952122
Africa,2011-04-04,0,0,None,0.9476113786361093
Africa,2011-07-04,2,0,Strike,0.8725176460211341
Africa,2011-09-05,0,0,None,0.9783176697343121
Africa,2011-12-05,1,0,Weather,0.9012814463139261
Africa,2011-06-06,1,0,None,0.8032875390379638
Africa,2011-02-07,4,0,Weather,0.8999644347503714
Africa,2011-11-07,1,0,Strike,0.8833920313257095
Africa,2011-03-07,3,0,Weather,0.9602556985103167
Africa,2011-08-08,3,1,Strike,0.8476666711184211
Africa,2011-05-09,1,0,Weather,0.8336501491515094
Africa,2011-01-10,1,1,Traffic,0.849446616896816
Africa,2011-10-10,3,0,Traffic,0.8625108680803716
Africa,2011-04-11,1,1,None,0.8199885861334586
Africa,2011-07-11,1,1,Weather,0.818004969490977
Africa,2011-09-12,0,0,Weather,0.8327191075819176
Africa,2011-12-12,4,0,Weather,0.9356696467035552
Africa,2012-01-30,3,0,Strike,0.8800740634472172
Africa,2012-02-27,0,0,Traffic,0.9252736827436755
Africa,2012-03-26,0,0,None,0.8731447882882679
Africa,2012-04-30,2,0,Traffic,0.8671586244754872
Africa,2012-05-28,3,1,Traffic,0.9392110445096332
Africa,2012-06-25,2,0,Traffic,0.8981171208095897
Africa,2012-07-30,3,0,Weather,0.835686942495541
Africa,2012-08-27,4,0,None,0.9614364287071194
Africa,2012-10-01,1,0,Traffic,0.921414419024819
Africa,2012-10-29,4,1,Strike,0.9717242625838269
Africa,2012-11-26,3,0,Weather,0.9140475579867968
Africa,2012-01-02,1,0,None,0.8485406231626127
Africa,2012-04-02,3,0,None,0.9428458519058454
Africa,2012-07-02,3,1,Traffic,0.8760782004632895
Africa,2012-09-03,3,0,Traffic,0.8658897081916177
Africa,2012-12-03,0,0,Strike,0.9656152623419717
Africa,2012-06-04,0,0,Traffic,0.8171882666839564
Africa,2012-03-05,4,0,Strike,0.8082553360665274
Africa,2012-11-05,2,0,Strike,0.8667275114536915
Africa,2012-02-06,3,0,Strike,0.9626187429803272
Africa,2012-08-06,4,0,Traffic,0.9457428926364074
Africa,2012-05-07,2,0,None,0.948666247820237
Africa,2012-10-08,0,0,Strike,0.8045162146472444
Africa,2012-01-09,2,0,Weather,0.844959320849794
Africa,2012-04-09,1,0,Strike,0.8292354996639995
Africa,2012-07-09,4,0,Strike,0.9833410394638072
Africa,2012-09-10,0,0,Strike,0.9798132652450309
Africa,2012-12-10,2,1,Traffic,0.859431132869948
Africa,2012-06-11,0,0,None,0.8830358651459566
Africa,2012-03-12,4,0,Weather,0.9864862467433342
Africa,2012-11-12,1,0,None,0.925827633194179
Africa,2012-12-31,3,0,Traffic,0.8639637041313276
Africa,2013-01-28,0,1,Traffic,0.9834301976987267
Africa,2013-02-25,3,0,Strike,0.8378705782048844
Africa,2013-04-01,3,0,Strike,0.8262846604888776
Africa,2013-04-29,0,0,Strike,0.8992852762694793
Africa,2013-05-27,2,0,None,0.9000097694234589
Africa,2013-07-01,2,0,Weather,0.8317615482155705
Africa,2013-07-29,4,0,Weather,0.8580749459379996
Africa,2013-08-26,1,1,None,0.849602175730731
Africa,2013-09-30,0,0,Weather,0.83891431679762
Africa,2013-10-28,4,0,Traffic,0.8645441083831715
Africa,2013-11-25,1,0,None,0.9040114121113197
Africa,2013-09-02,3,0,Traffic,0.8532538080443125
Africa,2013-12-02,2,0,Traffic,0.8675076283395275
Africa,2013-06-03,1,0,None,0.8426511091384695
Africa,2013-02-04,0,0,None,0.9142402862594287
Africa,2013-03-04,0,0,None,0.8983891201223831
Africa,2013-11-04,4,1,None,0.9267050370391923
Africa,2013-08-05,1,0,Weather,0.8463558671591652
Africa,2013-05-06,1,0,Weather,0.8321038195966824
Africa,2013-01-07,0,0,Weather,0.9608018738770762
Africa,2013-10-07,1,0,None,0.9827318732869775
Africa,2013-04-08,4,0,Weather,0.977993991067878
Africa,2013-07-08,1,0,None,0.8538158866181567
Africa,2013-09-09,2,0,None,0.8289064240932538
Africa,2013-12-09,3,1,Strike,0.9911728307928108
Africa,2013-06-10,2,0,None,0.9161836260378239
Africa,2013-02-11,2,1,Strike,0.9598853945095751
Africa,2013-11-11,1,0,Strike,0.8809699715979871
Africa,2013-03-11,3,0,Traffic,0.810948568712954
Africa,2013-08-12,3,0,Traffic,0.9850277544670778
Africa,2013-12-30,4,0,None,0.8275871132248785
Africa,2014-01-27,3,1,Strike,0.868846369289809
Africa,2014-02-24,4,0,None,0.9913707103439039
Africa,2014-03-31,2,0,Strike,0.8663696834121464
Africa,2014-04-28,2,0,Traffic,0.9122651984083238
Africa,2014-05-26,2,1,None,0.9277662054652688
Africa,2014-06-30,1,0,Strike,0.9776022667171176
Africa,2014-07-28,3,0,None,0.8881180355786681
Africa,2014-09-01,3,0,Weather,0.8259425036650524
Africa,2014-09-29,3,0,Strike,0.8045163725518867
Africa,2014-10-27,4,1,Traffic,0.862577358641049
Africa,2014-12-01,0,0,Traffic,0.8521252857663345
Africa,2014-06-02,1,0,Strike,0.8391122119202127
Africa,2014-02-03,1,1,Weather,0.8016046985490343
Africa,2014-03-03,4,1,None,0.9331497119592536
Africa,2014-11-03,3,0,Traffic,0.9754331584676511
Africa,2014-08-04,2,0,Strike,0.9221396256151204
Africa,2014-05-05,4,0,Weather,0.8071679962042932
Africa,2014-01-06,4,0,Strike,0.887991144507083
Africa,2014-10-06,4,0,Weather,0.823652774015636
Africa,2014-04-07,1,0,None,0.8218231918458624
Africa,2014-07-07,2,0,None,0.8720062601952334
Africa,2014-09-08,2,0,Weather,0.8193323316271336
Africa,2014-12-08,0,1,None,0.880884592422684
Africa,2014-06-09,2,1,None,0.9043757880056267
Africa,2014-02-10,3,0,Strike,0.8970368123356123
Africa,2014-03-10,4,0,Weather,0.8860474608953814
Africa,2014-11-10,1,0,Traffic,0.9210397743834825
Africa,2014-08-11,2,1,None,0.97286732815621
Africa,2014-05-12,3,0,Traffic,0.8925964467330499
Oceania,2010-12-27,4,0,Traffic,0.9409748757077105
Oceania,2011-01-31,2,0,Strike,0.8781922729398742
Oceania,2011-02-28,2,0,Weather,0.8963742086401651
Oceania,2011-03-28,0,0,None,0.8204222928576647
Oceania,2011-04-25,3,0,Traffic,0.8732928732664695
Oceania,2011-05-30,3,0,None,0.9053673812402034
Oceania,2011-06-27,0,0,Weather,0.8017276239620141
Oceania,2011-08-01,2,0,Weather,0.8519645246292903
Oceania,2011-08-29,1,0,None,0.8225229229199197
Oceania,2011-09-26,1,0,Strike,0.9638138010950157
Oceania,2011-10-31,1,0,Traffic,0.9890898909795648
Oceania,2011-11-28,2,0,Strike,0.898398835282386
Oceania,1900-01-01,4,1,Weather,0.8530887053310503
Oceania,2011-05-02,0,0,Weather,0.9819304309976983
Oceania,2011-01-03,1,1,Strike,0.9954566580031613
Oceania,2011-10-03,2,0,Traffic,0.9599890890891591
Oceania,2011-04-04,0,0,Traffic,0.8851668245908699
Oceania,2011-07-04,0,0,Traffic,0.8575891494975861
Oceania,2011-09-05,0,0,Strike,0.9131913378497962
Oceania,2011-12-05,2,0,Strike,0.8158430922720189
Oceania,2011-06-06,2,1,Traffic,0.8106587423914566
Oceania,2011-02-07,0,0,Strike,0.9397772496894025
Oceania,2011-11-07,1,0,Strike,0.8595179751562508
Oceania,2011-03-07,1,0,None,0.9311662018542021
Oceania,2011-08-08,0,0,Traffic,0.8226225370962752
Oceania,2011-05-09,1,0,None,0.967756756962169
Oceania,2011-01-10,1,0,Weather,0.9035035106163897
Oceania,2011-10-10,1,0,Traffic,0.8783068505444903
Oceania,2011-04-11,0,0,Weather,0.8701799001083312
Oceania,2011-07-11,1,0,None,0.8642284613285793
Oceania,2011-09-12,0,0,None,0.8893093686643418
Oceania,2011-12-12,2,1,Strike,0.8661811308948872
Oceania,2012-01-30,4,0,Traffic,0.8182860615902491
Oceania,2012-02-27,1,0,Weather,0.9755377331498372
Oceania,2012-03-26,1,0,Strike,0.9110481798751163
Oceania,2012-04-30,4,0,Traffic,0.8364970315693528
Oceania,2012-05-28,2,0,None,0.8033754763930974
Oceania,2012-06-25,4,0,Weather,0.9264451557354146
Oceania,2012-07-30,0,1,Weather,0.8775623387494388
Oceania,2012-08-27,3,1,Strike,0.8422053466511933
Oceania,2012-10-01,1,0,Strike,0.9817703886541075
Oceania,2012-10-29,1,0,None,0.8703477177100782
Oceania,2012-11-26,0,0,Weather,0.8964002009189258
Oceania,2012-01-02,2,0,Weather,0.8205867619372708
Oceania,2012-04-02,3,0,None,0.8401750543949864
Oceania,2012-07-02,1,1,None,0.8747099156787103
Oceania,2012-09-03,1,0,None,0.8464853481132816
Oceania,2012-12-03,1,0,None,0.8891845682733339
Oceania,2012-06-04,3,0,Weather,0.9414166199052202
Oceania,2012-03-05,4,0,Strike,0.9527220968409349
Oceania,2012-11-05,1,0,Strike,0.9522821340371679
Oceania,2012-02-06,0,0,Traffic,0.8020298999133425
Oceania,2012-08-06,4,0,None,0.8861419027482718
Oceania,2012-05-07,3,0,Traffic,0.9859856425008863
Oceania,2012-10-08,3,0,Weather,0.9075457081437626
Oceania,2012-01-09,3,0,Traffic,0.8174744268451085
Oceania,2012-04-09,1,0,None,0.9433998815986713
Oceania,2012-07-09,3,0,Strike,0.9954070868040606
Oceania,2012-09-10,0,0,None,0.9596187763542336
Oceania,2012-12-10,3,0,Strike,0.9439977704662468
Oceania,2012-06-11,0,0,Strike,0.9153363755906159
Oceania,2012-03-12,4,0,Weather,0.9686365257325915
Oceania,2012-11-12,3,0,Strike,0.8163847132013053
Oceania,2012-12-31,0,0,Weather,0.9356500231781939
Oceania,2013-01-28,3,0,Strike,0.9966529546565213
Oceania,2013-02-25,0,0,Weather,0.8517331291838923
Oceania,2013-04-01,1,0,None,0.9676824970789415
Oceania,2013-04-29,4,1,Traffic,0.9636559114575222
Oceania,2013-05-27,4,0,Weather,0.9073891221746793
Oceania,2013-07-01,0,0,Traffic,0.8109789656126829
Oceania,2013-07-29,2,0,None,0.8961454705308283
Oceania,2013-08-26,1,0,None,0.9192607413257146
Oceania,2013-09-30,3,0,Traffic,0.8470897713593356
Oceania,2013-10-28,3,0,None,0.8142001967705893
Oceania,2013-11-25,4,0,Traffic,0.8311235731593453
Oceania,2013-09-02,0,0,Weather,0.856091579755864
Oceania,2013-12-02,3,0,Strike,0.9103053396289605
Oceania,2013-06-03,1,0,None,0.8861330798450491
Oceania,2013-02-04,1,0,Traffic,0.9762406980861942
Oceania,2013-03-04,3,1,Strike,0.9354606413904794
Oceania,2013-11-04,0,0,Traffic,0.9757128337427612
Oceania,2013-08-05,2,0,Weather,0.9465901465986266
Oceania,2013-05-06,1,0,Traffic,0.8923312292257233
Oceania,2013-01-07,4,0,Strike,0.8200623757022065
Oceania,2013-10-07,1,0,Traffic,0.9327848662248314
Oceania,2013-04-08,1,0,Traffic,0.8434692510256852
Oceania,2013-07-08,4,0,Weather,0.8928168401533843
Oceania,2013-09-09,2,0,Weather,0.9237939230940503
Oceania,2013-12-09,1,0,Weather,0.8682667453928972
Oceania,2013-06-10,2,0,None,0.9752774057717992
Oceania,2013-02-11,0,0,None,0.8246554699848888
Oceania,2013-11-11,3,1,Traffic,0.9366335896359246
Oceania,2013-03-11,2,0,None,0.9296869386140039
Oceania,2013-08-12,3,0,None,0.8769576247898215
Oceania,2013-12-30,0,1,None,0.8771769726829804
Oceania,2014-01-27,4,0,Strike,0.8431927688607602
Oceania,2014-02-24,1,0,Weather,0.8747190256862645
Oceania,2014-03-31,3,0,Strike,0.8647675879168643
Oceania,2014-04-28,3,0,None,0.870012083368123
Oceania,2014-05-26,4,0,Weather,0.8195324130488053
Oceania,2014-06-30,1,0,Traffic,0.9400809987856472
Oceania,2014-07-28,1,0,Weather,0.930478729708321
Oceania,2014-09-01,0,0,None,0.8073464960849025
Oceania,2014-09-29,1,0,Strike,0.878845049786689
Oceania,2014-10-27,3,0,None,0.9924091993678731
Oceania,2014-12-01,1,0,Strike,0.8293634038097661
Oceania,2014-06-02,2,1,Traffic,0.9732165546204234
Oceania,2014-02-03,0,0,Strike,0.9501104926634754
Oceania,2014-03-03,3,0,None,0.9418482981870305
Oceania,2014-11-03,4,0,None,0.9143938664187283
Oceania,2014-08-04,3,0,Traffic,0.9953220589818247
Oceania,2014-05-05,2,0,Strike,0.8509065789137069
Oceania,2014-01-06,3,0,Traffic,0.8728816776419381
Oceania,2014-10-06,4,0,None,0.8445606556290246
Oceania,2014-04-07,1,0,Strike,0.904928842006605
Oceania,2014-07-07,1,0,Weather,0.8704937302852156
Oceania,2014-09-08,4,0,Strike,0.8194146517013075
Oceania,2014-12-08,0,0,Weather,0.8060203517382236
Oceania,2014-06-09,3,0,Traffic,0.8851895878221645
Oceania,2014-02-10,4,0,Traffic,0.9066902138566982
Oceania,2014-03-10,0,1,Weather,0.8567314956732829
Oceania,2014-11-10,1,1,None,0.8876019998715394
Oceania,2014-08-11,1,0,None,0.8719269143008556
Oceania,2014-05-12,1,0,Weather,0.9014152372926706
EMEA,2010-12-27,2,0,Strike,0.9725421091006305
EMEA,2011-01-31,1,0,Weather,0.9999257410185711
EMEA,2011-02-28,4,0,Strike,0.8245101678266439
EMEA,2011-03-28,0,0,Traffic,0.8704877550020806
EMEA,2011-04-25,1,1,Traffic,0.9917645071584446
EMEA,2011-05-30,3,0,None,0.8666190215151419
EMEA,2011-06-27,1,0,None,0.8915783789599636
EMEA,2011-08-01,0,0,None,0.9764772595052498
EMEA,2011-08-29,3,0,Weather,0.9234672906444724
EMEA,2011-09-26,2,0,Weather,0.943620557099486
EMEA,2011-10-31,3,0,None,0.9791526599881432
EMEA,2011-11-28,1,0,Weather,0.8750803786564112
EMEA,1900-01-01,3,0,Weather,0.8246539942711423
EMEA,2011-05-02,1,0,Traffic,0.8766689821695234
EMEA,2011-01-03,3,0,Traffic,0.9807370627484039
EMEA,2011-10-03,3,0,None,0.8713500784920883
EMEA,2011-04-04,2,0,Weather,0.9609277991331567
EMEA,2011-07-04,4,0,None,0.8047112103727824
EMEA,2011-09-05,3,1,Strike,0.8478101066157544
EMEA,2011-12-05,4,0,None,0.8763281415261581
EMEA,2011-06-06,2,0,Strike,0.9404578608985089
EMEA,2011-02-07,3,0,Weather,0.93394294792934
EMEA,2011-11-07,2,0,Traffic,0.8739044697397051
EMEA,2011-03-07,0,0,Weather,0.9757541801892254
EMEA,2011-08-08,2,1,None,0.8370209890574214
EMEA,2011-05-09,0,0,None,0.9010302294579134
EMEA,2011-01-10,0,0,Weather,0.9923686148616438
EMEA,2011-10-10,0,0,None,0.8837721456229316
EMEA,2011-04-11,1,0,None,0.9036029050190243
EMEA,2011-07-11,0,0,Strike,0.8511745140139878
EMEA,2011-09-12,4,0,Strike,0.9147298654601586
EMEA,2011-12-12,3,0,Traffic,0.8341565109785365
EMEA,2012-01-30,0,0,Weather,0.860224122033575
EMEA,2012-02-27,3,0,Strike,0.818311666030827
EMEA,2012-03-26,3,1,Traffic,0.9824300223450448
EMEA,2012-04-30,0,0,Strike,0.9242693439000301
EMEA,2012-05-28,3,0,None,0.9469143440393034
EMEA,2012-06-25,0,1,Strike,0.9188199927597914
EMEA,2012-07-30,2,1,None,0.8253702502497506
EMEA,2012-08-27,2,0,Weather,0.8882757307088271
EMEA,2012-10-01,3,0,Weather,0.9828117959600874
EMEA,2012-10-29,1,0,None,0.8750512961458367
EMEA,2012-11-26,1,0,Weather,0.8774451870084531
EMEA,2012-01-02,1,0,Strike,0.9221237382077418
EMEA,2012-04-02,4,0,Weather,0.8173358440376612
EMEA,2012-07-02,0,0,Strike,0.9145693440672078
EMEA,2012-09-03,3,0,None,0.9771796949146291
EMEA,2012-12-03,3,0,Weather,0.928375667696883
EMEA,2012-06-04,1,0,Traffic,0.9651864718209917
EMEA,2012-03-05,1,0,None,0.9729475823366598
EMEA,2012-11-05,3,1,Strike,0.9767374369680375
EMEA,2012-02-06,1,0,Weather,0.8717278620780614
EMEA,2012-08-06,1,0,Weather,0.9784445380789393
EMEA,2012-05-07,2,1,Strike,0.9717760325700174
EMEA,2012-10-08,1,0,Traffic,0.9169417980974489
EMEA,2012-01-09,3,0,Strike,0.9702832661587968
EMEA,2012-04-09,4,0,Strike,0.9062946798894921
EMEA,2012-07-09,0,0,Strike,0.9517466935951412
EMEA,2012-09-10,2,1,Traffic,0.9867142841303198
EMEA,2012-12-10,4,0,Weather,0.8491509159629096
EMEA,2012-06-11,3,0,Strike,0.9688273600421948
EMEA,2012-03-12,3,0,Weather,0.9077287374700514
EMEA,2012-11-12,2,0,Weather,0.94525538310232
EMEA,2012-12-31,1,0,Strike,0.886020293724216
EMEA,2013-01-28,1,0,Weather,0.8142836802742407
EMEA,2013-02-25,4,0,Weather,0.8626759550834151
EMEA,2013-04-01,1,0,None,0.8108661808560046
EMEA,2013-04-29,2,0,Weather,0.9331651537606216
EMEA,2013-05-27,1,0,Strike,0.9301806725217251
EMEA,2013-07-01,4,0,Strike,0.840779659857244
EMEA,2013-07-29,2,0,None,0.8414886446847811
EMEA,2013-08-26,2,0,Strike,0.8625180971763473
EMEA,2013-09-30,1,0,Strike,0.9880687710722461
EMEA,2013-10-28,2,0,Weather,0.9297560530735373
EMEA,2013-11-25,2,0,Weather,0.8670270200111964
EMEA,2013-09-02,3,0,Weather,0.9157474267121197
EMEA,2013-12-02,4,0,Weather,0.8499280130560221
EMEA,2013-06-03,3,0,Strike,0.8435414142088445
EMEA,2013-02-04,2,0,Strike,0.8565667608025896
EMEA,2013-03-04,0,1,Traffic,0.9772831083438721
EMEA,2013-11-04,2,0,Weather,0.9872625369448476
EMEA,2013-08-05,1,1,Traffic,0.9980291907753699
EMEA,2013-05-06,1,0,Strike,0.9431390139318608
EMEA,2013-01-07,0,0,Traffic,0.9624598060988181
EMEA,2013-10-07,2,1,Strike,0.9471070226850337
EMEA,2013-04-08,1,0,None,0.921981561693266
EMEA,2013-07-08,3,0,Weather,0.9496480216752342
EMEA,2013-09-09,2,0,Weather,0.9484535045033085
EMEA,2013-12-09,2,0,Weather,0.9744812532866459
EMEA,2013-06-10,4,0,Traffic,0.9262055083411542
EMEA,2013-02-11,3,0,Traffic,0.8602974976647301
EMEA,2013-11-11,0,0,Weather,0.8207453913859315
EMEA,2013-03-11,4,1,Weather,0.8717487797935723
EMEA,2013-08-12,1,0,Traffic,0.9503512813344136
EMEA,2013-12-30,4,0,None,0.9851682512778874
EMEA,2014-01-27,4,0,Weather,0.8158443500739432
EMEA,2014-02-24,4,1,Traffic,0.8442918630007692
EMEA,2014-03-31,0,0,None,0.8989995928387655
EMEA,2014-04-28,2,1,Traffic,0.8456039180295215
EMEA,2014-05-26,4,0,Traffic,0.8835910376685153
EMEA,2014-06-30,0,0,Strike,0.8223061509540006
EMEA,2014-07-28,2,0,Strike,0.8983205427838258
EMEA,2014-09-01,0,0,Traffic,0.9050897587345599
EMEA,2014-09-29,3,0,Strike,0.9953886029596898
EMEA,2014-10-27,3,0,Traffic,0.8455105514070107
EMEA,2014-12-01,1,0,Traffic,0.9440312863045948
EMEA,2014-06-02,4,0,Weather,0.9848122412623197
EMEA,2014-02-03,2,0,None,0.9235161889883399
EMEA,2014-03-03,4,0,None,0.9019071575335169
EMEA,2014-11-03,4,0,Traffic,0.9433750805231311
EMEA,2014-08-04,1,0,Strike,0.8273692234950993
EMEA,2014-05-05,1,0,Weather,0.9208990389309708
EMEA,2014-01-06,4,0,Strike,0.9127434932350843
EMEA,2014-10-06,2,0,Traffic,0.9159060020497432
EMEA,2014-04-07,4,0,Traffic,0.973995765244077
EMEA,2014-07-07,2,1,None,0.9131483905055721
EMEA,2014-09-08,3,0,None,0.8370709795899925
EMEA,2014-12-08,4,0,None,0.9654807721167308
EMEA,2014-06-09,1,1,None,0.9004167295897676
EMEA,2014-02-10,0,1,Traffic,0.8338286830314621
EMEA,2014-03-10,3,0,None,0.9264513985792969
EMEA,2014-11-10,2,0,Strike,0.9347841215794769
EMEA,2014-08-11,1,0,Strike,0.954575460436161
EMEA,2014-05-12,1,0,Strike,0.9632910392161845
North,2010-12-27,3,0,None,0.9845960035397338
North,2011-01-31,2,0,Traffic,0.9624767496733692
North,2011-02-28,3,0,Traffic,0.8361007152191499
North,2011-03-28,3,0,Strike,0.9251454099656787
North,2011-04-25,3,1,Traffic,0.8706848212733483
North,2011-05-30,2,0,Strike,0.9878717906450749
North,2011-06-27,1,0,Weather,0.8881096057632034
North,2011-08-01,4,1,Strike,0.927035331992849
North,2011-08-29,3,0,Weather,0.9589387342827355
North,2011-09-26,2,0,Weather,0.9022098680424586
North,2011-10-31,2,0,Weather,0.8049513358513614
North,2011-11-28,4,0,Strike,0.8378849475283634
North,1900-01-01,1,0,Traffic,0.9554822982688693
North,2011-05-02,2,0,Weather,0.9888537313841865
North,2011-01-03,3,0,Weather,0.8093401503078751
North,2011-10-03,2,1,None,0.854074858243027
North,2011-04-04,3,1,Strike,0.9659038530491515
North,2011-07-04,4,0,Strike,0.9782559347039984
North,2011-09-05,2,0,Traffic,0.9335652177622239
North,2011-12-05,4,1,None,0.958674221774504
North,2011-06-06,1,0,Strike,0.9740562741660115
North,2011-02-07,2,0,Weather,0.9519150911028577
North,2011-11-07,4,0,Traffic,0.9644037898701762
North,2011-03-07,3,1,Strike,0.8785054624156411
North,2011-08-08,0,0,Traffic,0.8749183122124626
North,2011-05-09,2,0,Traffic,0.9494408245343122
North,2011-01-10,1,1,Strike,0.9249751556065597
North,2011-10-10,0,0,Weather,0.8421736759825664
North,2011-04-11,4,0,None,0.8896815221238062
North,2011-07-11,1,0,None,0.8746813330545853
North,2011-09-12,0,0,Weather,0.9160999932488201
North,2011-12-12,1,0,Traffic,0.8882951175666943
North,2012-01-30,3,1,Traffic,0.8444469020073402
North,2012-02-27,2,0,Weather,0.9492623006133999
North,2012-03-26,4,0,Weather,0.9679290298052781
North,2012-04-30,3,0,None,0.8718572882536545
North,2012-05-28,4,0,Strike,0.960136703767153
North,2012-06-25,4,0,Strike,0.8553043097971185
North,2012-07-30,1,1,Strike,0.9088060722457203
North,2012-08-27,2,0,Strike,0.8675985473502433
North,2012-10-01,0,0,None,0.8740282339907621
North,2012-10-29,1,0,Weather,0.8317030110089916
North,2012-11-26,2,0,Traffic,0.8494224834982863
North,2012-01-02,2,0,None,0.9214801589979221
North,2012-04-02,4,0,Strike,0.8435497109094683
North,2012-07-02,3,0,Weather,0.9337309609088105
North,2012-09-03,0,0,Strike,0.8107539066514905
North,2012-12-03,1,0,Weather,0.8972033561852666
North,2012-06-04,0,1,Strike,0.8467260058344286
North,2012-03-05,4,0,Strike,0.8780608300930063
North,2012-11-05,1,0,Strike,0.8999601028791298
North,2012-02-06,0,0,Strike,0.9931910479656221
North,2012-08-06,2,0,None,0.9677839142326723
North,2012-05-07,2,1,Weather,0.9132978599736934
North,2012-10-08,0,0,None,0.8345325242707577
North,2012-01-09,1,0,Weather,0.917026411672055
North,2012-04-09,1,0,None,0.941105371455199
North,2012-07-09,4,0,Traffic,0.8932229930714335
North,2012-09-10,3,0,None,0.9011298096371344
North,2012-12-10,3,0,Weather,0.8841687869225711
North,2012-06-11,1,0,Weather,0.8724951352122444
North,2012-03-12,1,0,None,0.8893217107262712
North,2012-11-12,1,0,Traffic,0.8812737004791722
North,2012-12-31,4,0,Strike,0.9196937719651236
North,2013-01-28,1,0,Strike,0.9717547528386131
North,2013-02-25,0,0,Strike,0.967857719064235
North,2013-04-01,1,1,Weather,0.8863525354308741
North,2013-04-29,1,0,Strike,0.8851909146997977
North,2013-05-27,3,0,Traffic,0.9988008993146119
North,2013-07-01,2,0,Weather,0.9734846154091625
North,2013-07-29,1,0,Weather,0.9415780139756509
North,2013-08-26,0,0,Weather,0.8618299749776691
North,2013-09-30,4,1,Traffic,0.9283870952251838
North,2013-10-28,3,0,Traffic,0.8644117103363164
North,2013-11-25,2,0,Traffic,0.9921098472828953
North,2013-09-02,4,1,Weather,0.9116671729309703
North,2013-12-02,2,0,Traffic,0.8107318145800396
North,2013-06-03,2,1,None,0.9853038329896643
North,2013-02-04,4,0,None,0.990843589728392
North,2013-03-04,3,0,Strike,0.8843247199108186
North,2013-11-04,2,0,None,0.9410576199289963
North,2013-08-05,3,1,None,0.8908863756688945
North,2013-05-06,0,0,Weather,0.9113260935664788
North,2013-01-07,3,0,None,0.8437583980826383
North,2013-10-07,4,0,None,0.8571325692515931
North,2013-04-08,0,0,None,0.9135315200711178
North,2013-07-08,4,1,Traffic,0.9254591482362924
North,2013-09-09,3,0,Traffic,0.90808608509562
North,2013-12-09,3,0,Weather,0.8579152961571176
North,2013-06-10,1,0,Weather,0.8616800985177545
North,2013-02-11,4,0,Traffic,0.860562134878188
North,2013-11-11,4,0,Weather,0.8284211899799179
North,2013-03-11,4,0,Weather,0.8984143309385909
North,2013-08-12,1,0,Strike,0.8862916438736291
North,2013-12-30,0,0,Strike,0.9275214208644786
North,2014-01-27,1,0,Weather,0.9268722067470395
North,2014-02-24,4,0,Strike,0.8076952198287458
North,2014-03-31,4,0,None,0.9193994370684492
North,2014-04-28,1,0,Strike,0.8906860884183521
North,2014-05-26,1,0,Strike,0.9493421584917564
North,2014-06-30,1,0,Strike,0.8225764798248498
North,2014-07-28,1,0,Weather,0.9246890292558136
North,2014-09-01,3,0,None,0.8624974034335207
North,2014-09-29,0,1,Strike,0.8323963131087815
North,2014-10-27,4,0,None,0.9177827590529906
North,2014-12-01,1,0,Weather,0.9116466411717327
North,2014-06-02,4,0,Traffic,0.8654238195061343
North,2014-02-03,3,1,Traffic,0.8335058062677279
North,2014-03-03,2,0,Weather,0.9208928979773315
North,2014-11-03,0,0,None,0.8998689380221007
North,2014-08-04,1,0,Traffic,0.8840827782713766
North,2014-05-05,0,0,Weather,0.9162869779791385
North,2014-01-06,4,0,Traffic,0.9669158746013103
North,2014-10-06,0,0,None,0.9277857990900862
North,2014-04-07,3,0,Weather,0.950733179532958
North,2014-07-07,1,0,Strike,0.8465437088753551
North,2014-09-08,0,0,None,0.8380730111583322
North,2014-12-08,1,0,None,0.9249608499693648
North,2014-06-09,1,1,Weather,0.8722908387255389
North,2014-02-10,3,0,Weather,0.9976654321408195
North,2014-03-10,2,0,Weather,0.9891339151392143
North,2014-11-10,2,0,Weather,0.9966246781346523
North,2014-08-11,4,1,Strike,0.9796796729832712
North,2014-05-12,1,0,Weather,0.8062647895559036
Canada,2010-12-27,2,0,Strike,0.9826618555346828
Canada,2011-01-31,1,0,None,0.8635419559871976
Canada,2011-02-28,4,1,Weather,0.8904256969297843
Canada,2011-03-28,4,0,None,0.9196345708539492
Canada,2011-04-25,0,0,Weather,0.9326202326893468
Canada,2011-05-30,0,0,None,0.8306389660438317
Canada,2011-06-27,4,0,Traffic,0.9785641464064976
Canada,2011-08-01,1,0,Traffic,0.8084709374753222
Canada,2011-08-29,2,0,Weather,0.948405109820541
Canada,2011-09-26,0,0,Traffic,0.8290598225860164
Canada,2011-10-31,0,0,Weather,0.8429642826870732
Canada,2011-11-28,1,0,Weather,0.8351919973128364
Canada,1900-01-01,2,0,None,0.8691174362074314
Canada,2011-05-02,4,0,Weather,0.8394938027577811
Canada,2011-01-03,1,0,Strike,0.8172602402537302
Canada,2011-10-03,0,0,Traffic,0.8327564495314361
Canada,2011-04-04,1,0,Traffic,0.9549445381058915
Canada,2011-07-04,1,0,Weather,0.9274022917609855
Canada,2011-09-05,1,0,Weather,0.9186351056656226
Canada,2011-12-05,1,0,Traffic,0.8088375424795243
Canada,2011-06-06,3,0,Strike,0.8044166858198584
Canada,2011-02-07,3,0,Traffic,0.817309862242849
Canada,2011-11-07,4,0,Weather,0.8750262253833989
Canada,2011-03-07,0,0,Weather,0.911821001212461
Canada,2011-08-08,0,0,Traffic,0.9919580344388513
Canada,2011-05-09,4,0,None,0.8739043393324613
Canada,2011-01-10,0,1,Weather,0.8817942842517182
Canada,2011-10-10,1,1,Strike,0.8783001196312846
Canada,2011-04-11,2,0,Strike,0.8722830592846738
Canada,2011-07-11,1,0,Weather,0.8628283034971913
Canada,2011-09-12,1,1,Strike,0.8216637003985998
Canada,2011-12-12,0,0,Traffic,0.9967884422584253
Canada,2012-01-30,3,0,Strike,0.9252503183460192
Canada,2012-02-27,1,0,None,0.987807311041722
Canada,2012-03-26,1,0,Weather,0.8186829646188406
Canada,2012-04-30,1,0,None,0.8708734503113774
Canada,2012-05-28,3,0,None,0.8114902287392268
Canada,2012-06-25,1,0,Strike,0.9474102826678737
Canada,2012-07-30,1,1,Weather,0.9988520693699248
Canada,2012-08-27,0,1,Strike,0.9214605320650929
Canada,2012-10-01,0,0,Traffic,0.889483153840362
Canada,2012-10-29,2,0,None,0.8678127419684095
Canada,2012-11-26,4,0,Traffic,0.9969344484957345
Canada,2012-01-02,1,0,None,0.9513449947261993
Canada,2012-04-02,3,0,Strike,0.9059262317315457
Canada,2012-07-02,4,0,Strike,0.885428132430394
Canada,2012-09-03,3,0,Strike,0.8874435801645185
Canada,2012-12-03,3,0,Strike,0.8735750686168378
Canada,2012-06-04,0,0,None,0.8370386263336547
Canada,2012-03-05,3,0,None,0.9103710905524864
Canada,2012-11-05,0,1,Strike,0.8129346455557314
Canada,2012-02-06,0,0,Traffic,0.9928329756434864
Canada,2012-08-06,3,0,None,0.9928585094825613
Canada,2012-05-07,4,0,Traffic,0.9993010797500697
Canada,2012-10-08,2,0,Weather,0.8421802424217586
Canada,2012-01-09,2,0,Strike,0.9388733098379111
Canada,2012-04-09,2,1,Weather,0.9873327252601253
Canada,2012-07-09,1,0,Traffic,0.8831259825329308
Canada,2012-09-10,2,0,None,0.817165770340596
Canada,2012-12-10,3,1,Traffic,0.8295413126812761
Canada,2012-06-11,3,0,Traffic,0.8327606688158363
Canada,2012-03-12,1,0,Strike,0.8354385888870024
Canada,2012-11-12,4,0,Strike,0.8210610862246477
Canada,2012-12-31,1,0,Traffic,0.9384613317886398
Canada,2013-01-28,1,1,Weather,0.9673057310581967
Canada,2013-02-25,3,0,None,0.8708385099740134
Canada,2013-04-01,4,0,Strike,0.8943218469247514
Canada,2013-04-29,3,0,Weather,0.905697510008967
Canada,2013-05-27,0,1,None,0.975556734257739
Canada,2013-07-01,4,0,None,0.9209612133322739
Canada,2013-07-29,3,0,Weather,0.9272429269158179
Canada,2013-08-26,1,0,Strike,0.9375589046768823
Canada,2013-09-30,4,1,Strike,0.8447350703735919
Canada,2013-10-28,0,0,None,0.9681564527940149
Canada,2013-11-25,1,0,None,0.9930661967517812
Canada,2013-09-02,3,0,Strike,0.9402353204526221
Canada,2013-12-02,3,0,None,0.9177223316303427
Canada,2013-06-03,2,0,Weather,0.8956011504727989
Canada,2013-02-04,0,0,Strike,0.8520838462768295
Canada,2013-03-04,0,0,Strike,0.8768085130672268
Canada,2013-11-04,0,0,Strike,0.9017859265133614
Canada,2013-08-05,4,0,None,0.9940631956904405
Canada,2013-05-06,1,0,Strike,0.9388336404035693
Canada,2013-01-07,1,1,Strike,0.8231486653489491
Canada,2013-10-07,3,0,None,0.896976707237238
Canada,2013-04-08,4,0,Weather,0.8542271879919732
Canada,2013-07-08,0,0,Strike,0.8893000674859776
Canada,2013-09-09,1,1,Strike,0.9741499749343531
Canada,2013-12-09,0,0,Strike,0.90877215386046
Canada,2013-06-10,2,0,Strike,0.8401344205364253
Canada,2013-02-11,2,0,Strike,0.8229491426721937
Canada,2013-11-11,3,0,Weather,0.8430963779179554
Canada,2013-03-11,0,0,None,0.8081809495231553
Canada,2013-08-12,0,0,None,0.9451123511289905
Canada,2013-12-30,1,0,None,0.9564099577620876
Canada,2014-01-27,2,0,Weather,0.9657935162423497
Canada,2014-02-24,4,0,None,0.8476172296942323
Canada,2014-03-31,1,0,Traffic,0.8136399509819401
Canada,2014-04-28,1,0,Strike,0.8333158682403683
Canada,2014-05-26,0,0,Traffic,0.8240165374046944
Canada,2014-06-30,0,0,Traffic,0.9519452868125831
Canada,2014-07-28,0,0,None,0.8572506679881065
Canada,2014-09-01,3,0,Strike,0.9436855926552552
Canada,2014-09-29,1,1,Traffic,0.8700298779308994
Canada,2014-10-27,2,0,Traffic,0.9274945986785355
Canada,2014-12-01,0,0,Traffic,0.9107533947392701
Canada,2014-06-02,0,0,Traffic,0.9111094237003902
Canada,2014-02-03,2,0,Weather,0.9160317847076554
Canada,2014-03-03,3,0,None,0.9911289356098675
Canada,2014-11-03,0,0,None,0.9651408986462023
Canada,2014-08-04,2,0,None,0.956281413324807
Canada,2014-05-05,3,0,Weather,0.8304967544811623
Canada,2014-01-06,2,0,None,0.9240512607932436
Canada,2014-10-06,0,0,Weather,0.9069027223795283
Canada,2014-04-07,1,0,None,0.8842114312411413
Canada,2014-07-07,4,0,Traffic,0.8905669072619515
Canada,2014-09-08,1,0,Traffic,0.848499392643494
Canada,2014-12-08,0,0,Traffic,0.917199531424642
Canada,2014-06-09,3,0,Traffic,0.9112762698380088
Canada,2014-02-10,2,0,Strike,0.9535810662801397
Canada,2014-03-10,1,0,None,0.8797501590642127
Canada,2014-11-10,1,1,Traffic,0.8191025740984372
Canada,2014-08-11,4,0,Strike,0.830939346917484
Canada,2014-05-12,2,0,Strike,0.9529494817608186
Southeast Asia,2010-12-27,2,0,Weather,0.8509987744634822
Southeast Asia,2011-01-31,0,0,Weather,0.8729186632063258
Southeast Asia,2011-02-28,0,0,Weather,0.9039422784909569
Southeast Asia,2011-03-28,0,0,Traffic,0.8870675656654032
Southeast Asia,2011-04-25,0,0,None,0.8700486984375003
Southeast Asia,2011-05-30,2,0,Weather,0.821051919285253
Southeast Asia,2011-06-27,1,0,Weather,0.9807661074093594
Southeast Asia,2011-08-01,2,0,Weather,0.9235322566493546
Southeast Asia,2011-08-29,3,0,Traffic,0.838249687180993
Southeast Asia,2011-09-26,2,0,Strike,0.9695238283130939
Southeast Asia,2011-10-31,3,0,Traffic,0.9798675165560728
Southeast Asia,2011-11-28,3,0,Traffic,0.8367920376866099
Southeast Asia,1900-01-01,0,1,Weather,0.8856800057534852
Southeast Asia,2011-05-02,3,0,Weather,0.8897610122956344
Southeast Asia,2011-01-03,3,0,Strike,0.8749893575858352
Southeast Asia,2011-10-03,0,0,Strike,0.950363380911194
Southeast Asia,2011-04-04,0,0,None,0.9714316706808395
Southeast Asia,2011-07-04,0,1,Strike,0.9173519797920044
Southeast Asia,2011-09-05,0,0,Weather,0.939082980216134
Southeast Asia,2011-12-05,1,0,Traffic,0.8055395240876163
Southeast Asia,2011-06-06,4,0,Traffic,0.9932014073554775
Southeast Asia,2011-02-07,1,0,Strike,0.8328852786335363
Southeast Asia,2011-11-07,1,0,Weather,0.8053685969133251
Southeast Asia,2011-03-07,1,0,Weather,0.9265660091052534
Southeast Asia,2011-08-08,4,0,Strike,0.9621611680638282
Southeast Asia,2011-05-09,0,0,Traffic,0.8169941079845496
Southeast Asia,2011-01-10,0,1,Weather,0.8032326578414217
Southeast Asia,2011-10-10,0,0,Strike,0.8539361146448687
Southeast Asia,2011-04-11,4,0,None,0.9437011907606377
Southeast Asia,2011-07-11,0,0,Weather,0.9567017764028054
Southeast Asia,2011-09-12,2,0,Traffic,0.9436347770342679
Southeast Asia,2011-12-12,1,0,Weather,0.895079212957598
Southeast Asia,2012-01-30,3,0,Strike,0.8105351501662357
Southeast Asia,2012-02-27,2,0,Weather,0.8097083546283347
Southeast Asia,2012-03-26,2,0,None,0.8284087974766053
Southeast Asia,2012-04-30,3,0,Weather,0.9100182591822654
Southeast Asia,2012-05-28,0,0,None,0.8210435409324376
Southeast Asia,2012-06-25,1,1,None,0.9569494066613945
Southeast Asia,2012-07-30,2,0,Traffic,0.8721158657597767
Southeast Asia,2012-08-27,3,0,Weather,0.8423285317793142
Southeast Asia,2012-10-01,2,0,None,0.8746387541273175
Southeast Asia,2012-10-29,2,0,Strike,0.8843125882356757
Southeast Asia,2012-11-26,2,1,Traffic,0.8072435551017458
Southeast Asia,2012-01-02,1,0,None,0.8744719491049356
Southeast Asia,2012-04-02,4,0,None,0.8958769240397586
Southeast Asia,2012-07-02,3,0,Traffic,0.9066455525767753
Southeast Asia,2012-09-03,2,0,Traffic,0.9729631047519839
Southeast Asia,2012-12-03,3,0,Traffic,0.8029507111561697
Southeast Asia,2012-06-04,2,0,Strike,0.8350269610783708
Southeast Asia,2012-03-05,1,0,Strike,0.9996937679087717
Southeast Asia,2012-11-05,1,0,Strike,0.977405028673262
Southeast Asia,2012-02-06,3,1,Strike,0.9529474870348872
Southeast Asia,2012-08-06,2,0,Strike,0.9779387844583757
Southeast Asia,2012-05-07,1,0,Strike,0.8456464999862846
Southeast Asia,2012-10-08,2,0,Traffic,0.9926796210818413
Southeast Asia,2012-01-09,4,0,None,0.9875142376495979
Southeast Asia,2012-04-09,3,0,Traffic,0.9565894337124352
Southeast Asia,2012-07-09,1,0,Strike,0.8861459808535337
Southeast Asia,2012-09-10,4,0,Weather,0.9419885165449544
Southeast Asia,2012-12-10,4,0,Traffic,0.8213672008394605
Southeast Asia,2012-06-11,0,0,None,0.9779028996341601
Southeast Asia,2012-03-12,2,0,Weather,0.8681506329449632
Southeast Asia,2012-11-12,4,0,None,0.8305843586908829
Southeast Asia,2012-12-31,4,0,Weather,0.8643750368829081
Southeast Asia,2013-01-28,4,0,None,0.891920843194089
Southeast Asia,2013-02-25,0,0,Weather,0.9648947427918785
Southeast Asia,2013-04-01,4,0,None,0.8549695515116722
Southeast Asia,2013-04-29,3,1,Strike,0.959709901935236
Southeast Asia,2013-05-27,2,0,Strike,0.8283241063797787
Southeast Asia,2013-07-01,1,0,Traffic,0.8963387744007666
Southeast Asia,2013-07-29,1,0,Strike,0.8354716858679045
Southeast Asia,2013-08-26,3,0,Traffic,0.9706330204022156
Southeast Asia,2013-09-30,2,0,Weather,0.8594011150319962
Southeast Asia,2013-10-28,0,1,Traffic,0.8043802187632874
Southeast Asia,2013-11-25,1,0,Weather,0.8546245130119458
Southeast Asia,2013-09-02,3,0,Weather,0.9651952811892919
Southeast Asia,2013-12-02,4,0,Strike,0.9033214935506763
Southeast Asia,2013-06-03,4,0,Traffic,0.9097061109256788
Southeast Asia,2013-02-04,1,0,Weather,0.9507552230585247
Southeast Asia,2013-03-04,1,0,Traffic,0.8996855126044452
Southeast Asia,2013-11-04,2,0,Traffic,0.9514857550836714
Southeast Asia,2013-08-05,3,0,Weather,0.9508891170431497
Southeast Asia,2013-05-06,1,0,None,0.8411809488069303
Southeast Asia,2013-01-07,2,0,Strike,0.9085584688703967
Southeast Asia,2013-10-07,2,0,Traffic,0.9739714660710855
Southeast Asia,2013-04-08,2,0,Strike,0.9804551880914663
Southeast Asia,2013-07-08,1,0,Traffic,0.8108142580367832
Southeast Asia,2013-09-09,3,0,Traffic,0.8546590702297391
Southeast Asia,2013-12-09,0,0,Strike,0.919953817278711
Southeast Asia,2013-06-10,3,0,Traffic,0.867548383988402
Southeast Asia,2013-02-11,2,0,None,0.913318657318322
Southeast Asia,2013-11-11,2,1,Traffic,0.9787276146376933
Southeast Asia,2013-03-11,3,0,None,0.9311405543119752
Southeast Asia,2013-08-12,2,0,Weather,0.870705023723499
Southeast Asia,2013-12-30,3,0,None,0.8422828197096643
Southeast Asia,2014-01-27,3,0,None,0.8755586766031188
Southeast Asia,2014-02-24,3,0,Weather,0.9421201254166935
Southeast Asia,2014-03-31,2,0,Strike,0.830792984739356
Southeast Asia,2014-04-28,4,0,Strike,0.8681107165814872
Southeast Asia,2014-05-26,4,0,None,0.9368505817574633
Southeast Asia,2014-06-30,2,0,Weather,0.8035318396556614
Southeast Asia,2014-07-28,1,1,Traffic,0.9581531072396835
Southeast Asia,2014-09-01,2,0,None,0.9603410780439512
Southeast Asia,2014-09-29,4,0,None,0.8171850928214047
Southeast Asia,2014-10-27,0,0,Weather,0.9428828136828427
Southeast Asia,2014-12-01,2,0,Weather,0.8611862689454695
Southeast Asia,2014-06-02,1,0,None,0.864207854982657
Southeast Asia,2014-02-03,2,1,None,0.9122305033185149
Southeast Asia,2014-03-03,0,0,None,0.844682769258594
Southeast Asia,2014-11-03,0,0,Strike,0.9980047255126312
Southeast Asia,2014-08-04,2,0,Weather,0.9494353094515174
Southeast Asia,2014-05-05,4,0,Strike,0.8239821396308635
Southeast Asia,2014-01-06,1,0,Strike,0.9892722914685895
Southeast Asia,2014-10-06,3,0,Strike,0.9603028658513197
Southeast Asia,2014-04-07,0,0,Strike,0.9563881406316559
Southeast Asia,2014-07-07,4,0,None,0.9789555087701661
Southeast Asia,2014-09-08,0,0,Strike,0.9362133555373301
Southeast Asia,2014-12-08,3,0,None,0.839022178142587
Southeast Asia,2014-06-09,3,0,Strike,0.8618031223019428
Southeast Asia,2014-02-10,1,0,None,0.8927089756942734
Southeast Asia,2014-03-10,3,0,Traffic,0.9009681105143604
Southeast Asia,2014-11-10,1,0,Strike,0.9974776629588119
Southeast Asia,2014-08-11,3,0,Weather,0.950598401432208
Southeast Asia,2014-05-12,1,0,Traffic,0.862706431652987
Central,2010-12-27,1,0,Strike,0.9164303985884527
Central,2011-01-31,4,0,Weather,0.802594947230048
Central,2011-02-28,0,0,Weather,0.8956283463162821
Central,2011-03-28,0,1,Strike,0.8040521098314711
Central,2011-04-25,0,0,Strike,0.9534309035063372
Central,2011-05-30,2,0,Weather,0.8412574452957804
Central,2011-06-27,0,0,Weather,0.9678978364631877
Central,2011-08-01,2,0,None,0.821337336091024
Central,2011-08-29,0,0,Strike,0.8695494692527083
Central,2011-09-26,3,0,Weather,0.8973816059436012
Central,2011-10-31,4,0,Weather,0.9014169665182732
Central,2011-11-28,2,0,Strike,0.9375345086614221
Central,1900-01-01,0,0,Traffic,0.9390628643803802
Central,2011-05-02,3,0,Weather,0.8384950005599263
Central,2011-01-03,4,0,Weather,0.8196235588880081
Central,2011-10-03,2,0,Weather,0.8895822887776377
Central,2011-04-04,3,0,None,0.9013088421915518
Central,2011-07-04,0,0,Strike,0.9625644186381795
Central,2011-09-05,4,0,Weather,0.9099223576790406
Central,2011-12-05,4,0,None,0.9328865963149331
Central,2011-06-06,1,0,None,0.8489914810752222
Central,2011-02-07,0,1,Weather,0.8732918899258449
Central,2011-11-07,3,0,None,0.952776727110535
Central,2011-03-07,1,0,Traffic,0.8187827501335498
Central,2011-08-08,0,1,Traffic,0.8544749466462205
Central,2011-05-09,4,0,Traffic,0.9494912015481476
Central,2011-01-10,4,1,Weather,0.9132124084771993
Central,2011-10-10,3,0,Strike,0.8816702730496107
Central,2011-04-11,3,0,Traffic,0.8832397935064603
Central,2011-07-11,0,0,Traffic,0.832569044909683
Central,2011-09-12,2,0,Strike,0.8974393966625392
Central,2011-12-12,4,0,Traffic,0.9792007664688268
Central,2012-01-30,2,0,Strike,0.9160541852639391
Central,2012-02-27,0,0,None,0.8071423164479993
Central,2012-03-26,3,0,None,0.9396770247861097
Central,2012-04-30,3,0,Weather,0.9390962318752353
Central,2012-05-28,1,0,None,0.8998561240633587
Central,2012-06-25,2,0,Strike,0.819562304813227
Central,2012-07-30,0,0,Weather,0.910116076037587
Central,2012-08-27,1,0,Traffic,0.851599191327134
Central,2012-10-01,2,0,Strike,0.9639506118582
Central,2012-10-29,4,1,Weather,0.8954721879567719
Central,2012-11-26,3,0,Strike,0.8727138210412606
Central,2012-01-02,2,1,Weather,0.844210239301203
Central,2012-04-02,1,0,Strike,0.9084439951856768
Central,2012-07-02,1,0,None,0.9245923589616691
Central,2012-09-03,4,0,Weather,0.9576350687690699
Central,2012-12-03,4,0,Traffic,0.8562226220518706
Central,2012-06-04,2,0,Strike,0.8877467305727663
Central,2012-03-05,2,0,Weather,0.8721317477118673
Central,2012-11-05,4,0,None,0.8614428728855249
Central,2012-02-06,0,0,Strike,0.9449422741367929
Central,2012-08-06,1,0,Traffic,0.9672245684889437
Central,2012-05-07,2,0,None,0.9807720868423904
Central,2012-10-08,0,0,Traffic,0.8050581096645043
Central,2012-01-09,3,1,Strike,0.9405514460907342
Central,2012-04-09,1,0,Strike,0.8222837866664915
Central,2012-07-09,2,0,Strike,0.9720880747770247
Central,2012-09-10,4,0,Weather,0.8492612749603026
Central,2012-12-10,0,0,Traffic,0.8664185454055398
Central,2012-06-11,3,1,Strike,0.8285905636661267
Central,2012-03-12,4,0,Weather,0.9416710128920414
Central,2012-11-12,0,0,Traffic,0.8426492548573185
Central,2012-12-31,2,0,Strike,0.9883215372115446
Central,2013-01-28,3,0,Strike,0.9299197403659554
Central,2013-02-25,2,0,None,0.888005530686698
Central,2013-04-01,4,0,Weather,0.9415847637948771
Central,2013-04-29,3,1,Traffic,0.8671016911222733
Central,2013-05-27,2,0,None,0.9968628436410996
Central,2013-07-01,1,0,None,0.9483795765957574
Central,2013-07-29,1,1,Traffic,0.9886669118900154
Central,2013-08-26,3,0,None,0.8674190881494127
Central,2013-09-30,4,1,None,0.9365512026921039
Central,2013-10-28,3,0,Weather,0.9779730113807882
Central,2013-11-25,4,0,Strike,0.9319530405588954
Central,2013-09-02,0,0,Traffic,0.8324223845269155
Central,2013-12-02,2,0,None,0.9142494834860537
Central,2013-06-03,3,0,Weather,0.8742156018103047
Central,2013-02-04,0,0,Weather,0.9285275445751624
Central,2013-03-04,3,0,None,0.9276620446918962
Central,2013-11-04,0,0,Traffic,0.9972329690199958
Central,2013-08-05,4,1,Strike,0.9855837786737938
Central,2013-05-06,2,0,Strike,0.8535411436709273
Central,2013-01-07,3,0,Weather,0.881002863863325
Central,2013-10-07,2,0,None,0.9585565670806779
Central,2013-04-08,4,0,None,0.9601394643736942
Central,2013-07-08,0,0,Strike,0.8123443745860054
Central,2013-09-09,4,0,Traffic,0.9392825152872789
Central,2013-12-09,3,0,Traffic,0.8111532915412486
Central,2013-06-10,4,0,None,0.9212657055786878
Central,2013-02-11,2,1,None,0.8486619700580248
Central,2013-11-11,2,0,Strike,0.9655669658381314
Central,2013-03-11,3,0,Weather,0.8182036002981751
Central,2013-08-12,4,0,Strike,0.8105124706076529
Central,2013-12-30,4,0,Traffic,0.8258806417690883
Central,2014-01-27,2,0,Traffic,0.8887220540465098
Central,2014-02-24,3,0,None,0.918818280026353
Central,2014-03-31,3,0,None,0.9382813890658218
Central,2014-04-28,3,1,None,0.9209596440762895
Central,2014-05-26,3,0,Weather,0.8886066936363683
Central,2014-06-30,4,0,Weather,0.8303535523184191
Central,2014-07-28,0,0,Strike,0.9642708205850679
Central,2014-09-01,3,0,None,0.9081993537889262
Central,2014-09-29,2,0,Traffic,0.9961877743543128
Central,2014-10-27,1,0,None,0.9235607695580746
Central,2014-12-01,4,0,Strike,0.9677409291538951
Central,2014-06-02,3,0,Strike,0.9127952540885387
Central,2014-02-03,4,0,Weather,0.8936339827037719
Central,2014-03-03,3,0,Traffic,0.9924409880852768
Central,2014-11-03,1,1,Strike,0.875705469676216
Central,2014-08-04,2,0,Traffic,0.9691602952910127
Central,2014-05-05,2,0,Strike,0.8798819487101356
Central,2014-01-06,4,0,Weather,0.86940049902411
Central,2014-10-06,1,0,Strike,0.8411051098217873
Central,2014-04-07,1,1,Strike,0.8749746821756388
Central,2014-07-07,0,0,Strike,0.9388213358670742
Central,2014-09-08,3,0,Weather,0.8875760393231443
Central,2014-12-08,1,0,Strike,0.8897425143822033
Central,2014-06-09,3,0,Traffic,0.813854023284121
Central,2014-02-10,0,0,Strike,0.9981009022657175
Central,2014-03-10,3,0,Weather,0.8564707060838732
Central,2014-11-10,2,1,Weather,0.9656781070681373
Central,2014-08-11,0,0,Weather,0.8872913701402307
Central,2014-05-12,0,0,Weather,0.9775947547968626
South,2010-12-27,2,1,Traffic,0.8314445983328738
South,2011-01-31,3,0,Weather,0.8669059333043023
South,2011-02-28,0,0,Weather,0.8941832076019492
South,2011-03-28,1,0,Traffic,0.9173977444008339
South,2011-04-25,3,0,Traffic,0.8355725838072084
South,2011-05-30,0,0,Weather,0.8736891403802914
South,2011-06-27,1,0,Weather,0.8027267872011362
South,2011-08-01,3,0,Strike,0.89957730238214
South,2011-08-29,4,0,Weather,0.8942217840790568
South,2011-09-26,0,0,None,0.8175208254055186
South,2011-10-31,0,1,Traffic,0.9422080849587504
South,2011-11-28,4,0,Weather,0.8525009225744004
South,1900-01-01,0,0,Traffic,0.9368937584092206
South,2011-05-02,3,0,None,0.885715782230353
South,2011-01-03,1,0,None,0.8151464299691141
South,2011-10-03,4,0,Traffic,0.9780345555802429
South,2011-04-04,1,0,None,0.8640200314257233
South,2011-07-04,3,0,Strike,0.9731485066716752
South,2011-09-05,0,0,Traffic,0.9489146334891816
South,2011-12-05,1,0,Traffic,0.9386353877622954
South,2011-06-06,0,0,Weather,0.8230245595374114
South,2011-02-07,4,0,Weather,0.9780199401618648
South,2011-11-07,0,0,Traffic,0.8946326291257694
South,2011-03-07,2,1,Strike,0.832238685613935
South,2011-08-08,1,0,Weather,0.9739116680570461
South,2011-05-09,2,0,Strike,0.8205929567237874
South,2011-01-10,0,0,Strike,0.8446179234415573
South,2011-10-10,1,0,None,0.9985516876889379
South,2011-04-11,2,0,Weather,0.9617247244235532
South,2011-07-11,4,0,Weather,0.9697278361209082
South,2011-09-12,4,0,None,0.8724870842239995
South,2011-12-12,0,0,Traffic,0.874782285482745
South,2012-01-30,0,0,Traffic,0.8415819527463241
South,2012-02-27,3,0,Strike,0.9533550177582656
South,2012-03-26,1,0,Traffic,0.9110609098340077
South,2012-04-30,0,1,Traffic,0.9888507449828424
South,2012-05-28,1,0,None,0.85052211592096
South,2012-06-25,2,0,None,0.9030947160661171
South,2012-07-30,2,0,None,0.9773302826693238
South,2012-08-27,2,1,Traffic,0.8200057381699745
South,2012-10-01,1,0,Traffic,0.8297273222135791
South,2012-10-29,0,0,None,0.9455554815455443
South,2012-11-26,4,0,None,0.945293516325596
South,2012-01-02,3,0,Strike,0.8122470526607778
South,2012-04-02,4,0,Strike,0.8576943285986609
South,2012-07-02,1,0,None,0.857514516311502
South,2012-09-03,2,1,Strike,0.8299808348756208
South,2012-12-03,0,0,None,0.9889231523244184
South,2012-06-04,0,0,Traffic,0.8536027109845218
South,2012-03-05,0,0,None,0.8806735709404032
South,2012-11-05,4,0,None,0.9300056833057146
South,2012-02-06,2,0,Strike,0.9270583590014234
South,2012-08-06,3,1,Strike,0.8583257533460507
South,2012-05-07,1,0,Weather,0.8029774355498924
South,2012-10-08,1,1,None,0.8835289605141554
South,2012-01-09,0,0,Traffic,0.9967747530130366
South,2012-04-09,4,0,Traffic,0.9563434998787445
South,2012-07-09,2,1,Strike,0.8865381227800033
South,2012-09-10,1,0,None,0.8030749429351212
South,2012-12-10,3,0,None,0.9074289571080875
South,2012-06-11,0,1,Traffic,0.8470021315525373
South,2012-03-12,3,0,None,0.9594359151623524
South,2012-11-12,2,1,Traffic,0.8539161360711527
South,2012-12-31,0,0,Weather,0.8098963362572827
South,2013-01-28,1,1,Weather,0.8340703019015991
South,2013-02-25,1,0,Weather,0.8528898830720552
South,2013-04-01,4,0,None,0.8097338340458753
South,2013-04-29,1,0,Traffic,0.9235145843995289
South,2013-05-27,1,0,Weather,0.9819522233485705
South,2013-07-01,4,0,Weather,0.8057627463552888
South,2013-07-29,1,1,None,0.8846356215919604
South,2013-08-26,1,0,Strike,0.8210771582252088
South,2013-09-30,0,0,Traffic,0.941967471119453
South,2013-10-28,1,0,Weather,0.8978763586073432
South,2013-11-25,3,0,None,0.8271038641422953
South,2013-09-02,4,0,Traffic,0.9441783117737083
South,2013-12-02,1,0,Traffic,0.827157668618494
South,2013-06-03,2,0,Strike,0.9840851558367771
South,2013-02-04,0,1,None,0.8023591482356522
South,2013-03-04,4,0,None,0.9308519095753087
South,2013-11-04,2,0,Traffic,0.8740654450431605
South,2013-08-05,4,0,None,0.8971884260994581
South,2013-05-06,4,0,Weather,0.8145120858088261
South,2013-01-07,0,0,None,0.9007983438881453
South,2013-10-07,1,0,Traffic,0.9988559110013224
South,2013-04-08,2,0,Traffic,0.9938268916625913
South,2013-07-08,1,0,Traffic,0.9176615377524333
South,2013-09-09,1,0,None,0.9399539363245092
South,2013-12-09,1,1,Weather,0.840576632226737
South,2013-06-10,3,0,Weather,0.9777570958737033
South,2013-02-11,1,0,Strike,0.9062353545719356
South,2013-11-11,1,0,Strike,0.8989055488595227
South,2013-03-11,2,0,Strike,0.9664788951741788
South,2013-08-12,1,1,Traffic,0.8235746727505208
South,2013-12-30,4,0,Traffic,0.8839841032998588
South,2014-01-27,3,0,Traffic,0.9957585266491508
South,2014-02-24,3,0,Strike,0.9589770088298851
South,2014-03-31,0,1,Strike,0.9652452383802027
South,2014-04-28,0,1,Weather,0.9447175097156847
South,2014-05-26,3,0,Strike,0.9687808442701373
South,2014-06-30,4,0,Traffic,0.8309573151901086
South,2014-07-28,0,0,Traffic,0.9459352695821976
South,2014-09-01,0,0,Weather,0.9524495008362996
South,2014-09-29,0,0,Traffic,0.886024888357486
South,2014-10-27,4,0,Strike,0.8030049048978429
South,2014-12-01,2,1,Strike,0.8670809762265729
South,2014-06-02,3,0,Weather,0.9711496549406818
South,2014-02-03,4,0,None,0.8981229691285637
South,2014-03-03,2,0,Traffic,0.8040171801451554
South,2014-11-03,1,1,Traffic,0.8624574646539377
South,2014-08-04,1,1,Strike,0.8678175511717786
South,2014-05-05,1,0,Weather,0.8919231386635808
South,2014-01-06,1,1,Weather,0.915617147051465
South,2014-10-06,2,0,Weather,0.9232233193463537
South,2014-04-07,2,0,Traffic,0.8231533504176882
South,2014-07-07,1,0,Strike,0.8342587044570833
South,2014-09-08,0,0,None,0.9649524244155496
South,2014-12-08,2,0,Strike,0.8279817813931765
South,2014-06-09,0,0,Traffic,0.8445143413914543
South,2014-02-10,2,0,Traffic,0.8643488574190201
South,2014-03-10,0,0,Traffic,0.8957600595711436
South,2014-11-10,4,0,Strike,0.97269262721279
South,2014-08-11,2,0,None,0.9768328878542825
South,2014-05-12,4,0,Traffic,0.8770294871788569
Caribbean,2010-12-27,1,0,Strike,0.9501863219476798
Caribbean,2011-01-31,0,0,None,0.8886843740466652
Caribbean,2011-02-28,0,0,Traffic,0.9752973344078164
Caribbean,2011-03-28,2,0,Traffic,0.8150179326763698
Caribbean,2011-04-25,0,0,Traffic,0.8327911956699834
Caribbean,2011-05-30,2,0,Strike,0.8417079268804667
Caribbean,2011-06-27,4,0,Weather,0.8040422113518485
Caribbean,2011-08-01,1,1,Weather,0.9341257697211629
Caribbean,2011-08-29,0,1,Weather,0.8226290660081261
Caribbean,2011-09-26,0,0,Traffic,0.9808724158661194
Caribbean,2011-10-31,0,0,Weather,0.8029029957148524
Caribbean,2011-11-28,2,0,Traffic,0.8406373309984313
Caribbean,1900-01-01,0,1,Weather,0.9919968134189672
Caribbean,2011-05-02,3,0,None,0.8920043185206374
Caribbean,2011-01-03,4,0,Strike,0.8574871970480705
Caribbean,2011-10-03,0,0,Strike,0.9983584483809941
Caribbean,2011-04-04,2,0,Traffic,0.8224728967603142
Caribbean,2011-07-04,4,0,Traffic,0.971186771147205
Caribbean,2011-09-05,0,0,Traffic,0.9561099708109997
Caribbean,2011-12-05,3,0,Traffic,0.8265832310367162
Caribbean,2011-06-06,3,0,Traffic,0.8084467259399125
Caribbean,2011-02-07,2,0,Strike,0.8530048925059559
Caribbean,2011-11-07,0,0,None,0.9772958749033684
Caribbean,2011-03-07,3,0,Weather,0.8786630037325169
Caribbean,2011-08-08,0,0,None,0.9442699162769479
Caribbean,2011-05-09,4,1,Strike,0.969736636233958
Caribbean,2011-01-10,4,0,Strike,0.8247829999303699
Caribbean,2011-10-10,0,0,Strike,0.807068198423799
Caribbean,2011-04-11,2,0,None,0.8441609496248297
Caribbean,2011-07-11,2,1,Traffic,0.9633332253193293
Caribbean,2011-09-12,2,0,Strike,0.8558388184364543
Caribbean,2011-12-12,4,0,Traffic,0.8809829636110924
Caribbean,2012-01-30,0,0,Strike,0.8133093687933687
Caribbean,2012-02-27,4,1,Traffic,0.9404223693203453
Caribbean,2012-03-26,2,0,Strike,0.9968763514768872
Caribbean,2012-04-30,2,1,None,0.9165895221507055
Caribbean,2012-05-28,0,0,Weather,0.9110160175748373
Caribbean,2012-06-25,1,0,None,0.8923702416479973
Caribbean,2012-07-30,0,0,Strike,0.9558018952295576
Caribbean,2012-08-27,4,0,Strike,0.9974158672448845
Caribbean,2012-10-01,2,0,Weather,0.9439886459180674
Caribbean,2012-10-29,3,0,Strike,0.9446751238191399
Caribbean,2012-11-26,1,0,Weather,0.9496284891302231
Caribbean,2012-01-02,1,1,Weather,0.9931527155727871
Caribbean,2012-04-02,3,1,Weather,0.9767618767845176
Caribbean,2012-07-02,2,0,Strike,0.9052074610296785
Caribbean,2012-09-03,0,0,Weather,0.9491430318607958
Caribbean,2012-12-03,0,0,Strike,0.9531805324541438
Caribbean,2012-06-04,2,0,Traffic,0.8360276896887056
Caribbean,2012-03-05,0,0,Weather,0.8948698799706335
Caribbean,2012-11-05,3,0,Strike,0.9167484771356769
Caribbean,2012-02-06,3,0,None,0.8512542276460294
Caribbean,2012-08-06,0,1,Strike,0.884353116300816
Caribbean,2012-05-07,2,0,Weather,0.8455618257378075
Caribbean,2012-10-08,3,0,Weather,0.9771215704975414
Caribbean,2012-01-09,3,0,Weather,0.8889632889198418
Caribbean,2012-04-09,3,0,Strike,0.9830324355731423
Caribbean,2012-07-09,1,1,Weather,0.9037841623898709
Caribbean,2012-09-10,1,0,Traffic,0.9882251119299008
Caribbean,2012-12-10,4,1,Strike,0.8545353430762229
Caribbean,2012-06-11,0,0,Strike,0.9439551004842027
Caribbean,2012-03-12,3,0,None,0.8811802250818092
Caribbean,2012-11-12,1,1,None,0.9286233084613129
Caribbean,2012-12-31,3,0,Strike,0.8049986214976973
Caribbean,2013-01-28,3,1,Strike,0.9539346972182603
Caribbean,2013-02-25,3,0,Traffic,0.8833568159062318
Caribbean,2013-04-01,2,0,Weather,0.9155935878475089
Caribbean,2013-04-29,2,0,Weather,0.8280677242167903
Caribbean,2013-05-27,2,1,Weather,0.9011357633206567
Caribbean,2013-07-01,2,1,Strike,0.8484193137049109
Caribbean,2013-07-29,2,0,Traffic,0.8032005873738047
Caribbean,2013-08-26,0,0,None,0.8248364570964303
Caribbean,2013-09-30,0,0,Weather,0.8559085078415143
Caribbean,2013-10-28,2,0,None,0.9567758452063658
Caribbean,2013-11-25,4,0,None,0.8737099880869854
Caribbean,2013-09-02,0,1,Strike,0.9221431204259802
Caribbean,2013-12-02,2,0,Traffic,0.8791621575772178
Caribbean,2013-06-03,2,0,None,0.9926465924911756
Caribbean,2013-02-04,3,0,Weather,0.9597600972160996
Caribbean,2013-03-04,1,0,Strike,0.9552243910461725
Caribbean,2013-11-04,4,0,Strike,0.9525542304946091
Caribbean,2013-08-05,2,0,Strike,0.8125295686984962
Caribbean,2013-05-06,2,0,Weather,0.8700663574337645
Caribbean,2013-01-07,1,0,Traffic,0.9807609475215086
Caribbean,2013-10-07,3,1,Weather,0.8703426917552864
Caribbean,2013-04-08,1,0,None,0.9425986363739394
Caribbean,2013-07-08,4,0,Weather,0.9847079501297715
Caribbean,2013-09-09,3,0,None,0.9052685608860429
Caribbean,2013-12-09,1,0,Weather,0.8999549719203972
Caribbean,2013-06-10,2,1,Traffic,0.8051529007657259
Caribbean,2013-02-11,0,0,Strike,0.9788627640999206
Caribbean,2013-11-11,0,0,Traffic,0.9152628213948498
Caribbean,2013-03-11,0,0,Weather,0.9188785341464469
Caribbean,2013-08-12,2,0,Traffic,0.8892179671298289
Caribbean,2013-12-30,0,0,Weather,0.8021665578622638
Caribbean,2014-01-27,3,0,Strike,0.8612410598547305
Caribbean,2014-02-24,2,0,None,0.8232084678606227
Caribbean,2014-03-31,3,0,Weather,0.8070147284782732
Caribbean,2014-04-28,4,1,Weather,0.9513761885426946
Caribbean,2014-05-26,4,0,Strike,0.8646740218123046
Caribbean,2014-06-30,4,0,Strike,0.8317817254878075
Caribbean,2014-07-28,3,0,Strike,0.8707982654114669
Caribbean,2014-09-01,0,0,Strike,0.8005720940996753
Caribbean,2014-09-29,3,0,Weather,0.8214674445288805
Caribbean,2014-10-27,0,0,Strike,0.923343048175361
Caribbean,2014-12-01,1,0,None,0.8245487482414116
Caribbean,2014-06-02,2,0,Strike,0.852927761160363
Caribbean,2014-02-03,0,0,Traffic,0.9875979480477252
Caribbean,2014-03-03,0,0,None,0.9455888008861079
Caribbean,2014-11-03,3,0,None,0.8997160394626936
Caribbean,2014-08-04,0,0,Traffic,0.832907825602507
Caribbean,2014-05-05,2,0,Traffic,0.8246123242893291
Caribbean,2014-01-06,3,0,Traffic,0.8774330357888163
Caribbean,2014-10-06,2,0,Strike,0.8589688163445423
Caribbean,2014-04-07,3,0,Strike,0.8363414282980253
Caribbean,2014-07-07,3,0,Weather,0.863490944413073
Caribbean,2014-09-08,1,0,None,0.9819373891919463
Caribbean,2014-12-08,4,1,Weather,0.9779146731793248
Caribbean,2014-06-09,1,0,None,0.9999000980610097
Caribbean,2014-02-10,3,0,Traffic,0.9213500141768354
Caribbean,2014-03-10,4,0,Strike,0.8766057309135471
Caribbean,2014-11-10,3,0,Strike,0.9705873461433402
Caribbean,2014-08-11,0,0,Traffic,0.9776663411009152
Caribbean,2014-05-12,4,0,Weather,0.8906043383069346
North Asia,2010-12-27,2,0,Traffic,0.8162230642001214
North Asia,2011-01-31,0,0,None,0.8675549221350376
North Asia,2011-02-28,2,0,Weather,0.8867844854224008
North Asia,2011-03-28,2,0,None,0.963063560601042
North Asia,2011-04-25,4,0,Traffic,0.9486791562671645
North Asia,2011-05-30,0,0,Strike,0.8500584017347032
North Asia,2011-06-27,0,0,Traffic,0.955049830842581
North Asia,2011-08-01,0,0,Traffic,0.8933412193386865
North Asia,2011-08-29,3,0,Weather,0.9902104212393021
North Asia,2011-09-26,1,1,Strike,0.883970198702726
North Asia,2011-10-31,3,0,Weather,0.8879138817158672
North Asia,2011-11-28,3,0,None,0.8824294644587812
North Asia,1900-01-01,0,0,Strike,0.9228738597920532
North Asia,2011-05-02,3,0,Weather,0.9110096920328946
North Asia,2011-01-03,2,0,Strike,0.9571443205994472
North Asia,2011-10-03,0,0,Strike,0.9518995824680979
North Asia,2011-04-04,3,0,None,0.8129285206455726
North Asia,2011-07-04,1,0,Strike,0.9538555473054456
North Asia,2011-09-05,3,0,None,0.8320743098468153
North Asia,2011-12-05,0,1,Traffic,0.8412985661739807
North Asia,2011-06-06,1,0,Traffic,0.9779927911048828
North Asia,2011-02-07,0,0,None,0.9399955848845225
North Asia,2011-11-07,1,1,Traffic,0.8348071084278296
North Asia,2011-03-07,2,0,Strike,0.8650127598061392
North Asia,2011-08-08,4,0,Traffic,0.957934180663383
North Asia,2011-05-09,2,0,Traffic,0.8755550680648128
North Asia,2011-01-10,4,0,Weather,0.9881009722237308
North Asia,2011-10-10,4,0,Weather,0.949377561187957
North Asia,2011-04-11,1,0,Weather,0.8788330183563142
North Asia,2011-07-11,2,1,Strike,0.9981467411599872
North Asia,2011-09-12,1,0,Traffic,0.9857219801050482
North Asia,2011-12-12,1,0,Strike,0.8599567562223543
North Asia,2012-01-30,2,0,Traffic,0.9783455963272331
North Asia,2012-02-27,3,0,Weather,0.818636918326894
North Asia,2012-03-26,3,0,None,0.9827181058035891
North Asia,2012-04-30,3,0,Weather,0.8152288795092694
North Asia,2012-05-28,3,1,Strike,0.8910679023058983
North Asia,2012-06-25,4,0,None,0.9662078540837181
North Asia,2012-07-30,4,0,Traffic,0.8268114464310815
North Asia,2012-08-27,2,1,None,0.9854425418938233
North Asia,2012-10-01,4,0,Strike,0.8404934366545354
North Asia,2012-10-29,2,0,Strike,0.8707825952465705
North Asia,2012-11-26,4,0,Strike,0.9748103073607786
North Asia,2012-01-02,2,0,Weather,0.9588804030930551
North Asia,2012-04-02,3,0,Weather,0.9298106072219292
North Asia,2012-07-02,4,1,Strike,0.9945458422776278
North Asia,2012-09-03,0,1,Traffic,0.9350352326081574
North Asia,2012-12-03,1,0,Strike,0.9134884152165157
North Asia,2012-06-04,1,1,Weather,0.8971091546251686
North Asia,2012-03-05,3,0,Traffic,0.8453604271878117
North Asia,2012-11-05,0,0,Strike,0.8547789901145274
North Asia,2012-02-06,1,0,Weather,0.9145473370837968
North Asia,2012-08-06,3,0,Strike,0.8691891844917324
North Asia,2012-05-07,1,0,Strike,0.8128753718294157
North Asia,2012-10-08,1,1,Weather,0.9239418000328471
North Asia,2012-01-09,0,0,Traffic,0.9490039683739493
North Asia,2012-04-09,4,0,None,0.8380187987323974
North Asia,2012-07-09,2,0,Weather,0.9264899097628311
North Asia,2012-09-10,2,0,Strike,0.9477071518741886
North Asia,2012-12-10,1,0,Traffic,0.997570030619428
North Asia,2012-06-11,3,0,Traffic,0.9194364223381768
North Asia,2012-03-12,1,0,Weather,0.9861128745081511
North Asia,2012-11-12,2,0,None,0.9846083579148215
North Asia,2012-12-31,1,0,Strike,0.8584146055076274
North Asia,2013-01-28,1,0,None,0.8149023417977029
North Asia,2013-02-25,1,0,Traffic,0.9077899338871818
North Asia,2013-04-01,0,1,Strike,0.8868778866300785
North Asia,2013-04-29,0,0,Traffic,0.8608148789648103
North Asia,2013-05-27,0,1,Strike,0.9254392973046927
North Asia,2013-07-01,4,1,Strike,0.8823919297315281
North Asia,2013-07-29,1,0,Strike,0.9087556154248193
North Asia,2013-08-26,3,1,Strike,0.9109822720533229
North Asia,2013-09-30,0,0,Strike,0.948599239778385
North Asia,2013-10-28,0,0,None,0.9331093045791551
North Asia,2013-11-25,4,1,Strike,0.9886568844173611
North Asia,2013-09-02,4,0,None,0.8418015878018948
North Asia,2013-12-02,0,0,Traffic,0.8209199902876074
North Asia,2013-06-03,3,0,Strike,0.9175021381749804
North Asia,2013-02-04,1,0,None,0.8211235505105419
North Asia,2013-03-04,4,0,Traffic,0.9602486991033247
North Asia,2013-11-04,0,0,Weather,0.9911756917226003
North Asia,2013-08-05,4,0,Strike,0.9799377892897684
North Asia,2013-05-06,4,0,None,0.9739218808986514
North Asia,2013-01-07,4,0,None,0.9543792971272633
North Asia,2013-10-07,1,0,Strike,0.8299242423702932
North Asia,2013-04-08,3,0,Strike,0.9562877184246007
North Asia,2013-07-08,0,0,Traffic,0.9678459802597085
North Asia,2013-09-09,1,0,Strike,0.9307484664937916
North Asia,2013-12-09,2,0,Traffic,0.8639845232771441
North Asia,2013-06-10,0,0,Weather,0.941404127068247
North Asia,2013-02-11,1,1,Strike,0.9036192143616877
North Asia,2013-11-11,4,0,Weather,0.9008007113052275
North Asia,2013-03-11,1,0,Weather,0.9839469498627389
North Asia,2013-08-12,2,0,None,0.8101830860262288
North Asia,2013-12-30,1,0,None,0.8316495964823636
North Asia,2014-01-27,2,1,Traffic,0.860293489662203
North Asia,2014-02-24,4,0,Weather,0.8674615580695363
North Asia,2014-03-31,4,1,Strike,0.8613878922513166
North Asia,2014-04-28,1,0,Strike,0.954012208991314
North Asia,2014-05-26,1,0,Weather,0.829621127941231
North Asia,2014-06-30,1,0,Strike,0.8903212717760433
North Asia,2014-07-28,2,0,Traffic,0.8716238297210427
North Asia,2014-09-01,1,1,Strike,0.8325469752640043
North Asia,2014-09-29,3,0,Weather,0.8044053039417525
North Asia,2014-10-27,2,0,Traffic,0.9047968706906975
North Asia,2014-12-01,0,0,Strike,0.8883623473514679
North Asia,2014-06-02,0,0,None,0.8217198256361393
North Asia,2014-02-03,2,0,Traffic,0.9978311359692228
North Asia,2014-03-03,2,0,None,0.9093440509909662
North Asia,2014-11-03,0,0,Traffic,0.9999683734085599
North Asia,2014-08-04,2,0,Strike,0.8043742138081655
North Asia,2014-05-05,1,0,Weather,0.989582334050352
North Asia,2014-01-06,2,0,Strike,0.8081695302068482
North Asia,2014-10-06,0,1,Traffic,0.9823934208300344
North Asia,2014-04-07,1,0,Weather,0.8532499095331386
North Asia,2014-07-07,2,0,Weather,0.8748273827249804
North Asia,2014-09-08,2,0,Weather,0.8662769709617233
North Asia,2014-12-08,2,0,Traffic,0.9799096774588789
North Asia,2014-06-09,2,1,Weather,0.8876155643986304
North Asia,2014-02-10,4,1,Weather,0.904163432297298
North Asia,2014-03-10,3,0,Traffic,0.8177615878186412
North Asia,2014-11-10,2,0,Traffic,0.9697255830523117
North Asia,2014-08-11,1,0,Traffic,0.9260388239717424
North Asia,2014-05-12,2,0,None,0.9435453030855399
East,2010-12-27,1,0,None,0.9872502693029104
East,2011-01-31,1,0,Strike,0.809649171673657
East,2011-02-28,3,0,Strike,0.943947404016427
East,2011-03-28,2,0,None,0.9127682181883414
East,2011-04-25,2,1,Traffic,0.9490182006531724
East,2011-05-30,0,0,Strike,0.9984564985131682
East,2011-06-27,0,0,Traffic,0.9029562739761682
East,2011-08-01,1,0,Strike,0.9064817714555876
East,2011-08-29,2,1,Strike,0.8798910409506252
East,2011-09-26,0,0,None,0.8396423261558108
East,2011-10-31,1,1,Traffic,0.8430971821796089
East,2011-11-28,3,0,Traffic,0.9024696523746447
East,1900-01-01,3,0,Weather,0.9286637094124814
East,2011-05-02,4,1,Weather,0.8035287603205093
East,2011-01-03,0,1,Traffic,0.9642629846313492
East,2011-10-03,0,0,Strike,0.9248435426803447
East,2011-04-04,4,1,None,0.9607270550160072
East,2011-07-04,4,0,None,0.90582477949704
East,2011-09-05,3,0,Weather,0.8955099658952249
East,2011-12-05,2,0,Strike,0.9285225493034828
East,2011-06-06,2,0,Weather,0.9062858511483564
East,2011-02-07,2,0,None,0.8315010651456336
East,2011-11-07,2,0,Traffic,0.8261500642258158
East,2011-03-07,4,0,Traffic,0.8309646846784351
East,2011-08-08,1,1,Traffic,0.9464035600993198
East,2011-05-09,3,0,Traffic,0.9872652776432339
East,2011-01-10,3,0,None,0.8484743388115985
East,2011-10-10,1,0,Strike,0.9989119639326867
East,2011-04-11,3,0,Weather,0.9437417748589464
East,2011-07-11,1,0,Strike,0.9087850364187257
East,2011-09-12,1,0,None,0.9676963914712327
East,2011-12-12,2,0,Traffic,0.8954903352780037
East,2012-01-30,3,0,Weather,0.8088398521277398
East,2012-02-27,2,0,Traffic,0.8897140250794172
East,2012-03-26,2,0,Strike,0.9761968648543364
East,2012-04-30,0,0,Strike,0.8630502827863578
East,2012-05-28,1,0,Weather,0.8294116702310029
East,2012-06-25,3,0,Strike,0.842521810890805
East,2012-07-30,4,0,Traffic,0.8806415092721673
East,2012-08-27,3,1,Strike,0.8680345298345238
East,2012-10-01,3,0,Traffic,0.8335501338229059
East,2012-10-29,2,0,Traffic,0.8301897778157151
East,2012-11-26,3,0,None,0.9808600384674466
East,2012-01-02,2,0,Weather,0.8721488988268217
East,2012-04-02,1,0,Traffic,0.808681824751427
East,2012-07-02,1,0,Weather,0.8615314259293168
East,2012-09-03,1,0,Traffic,0.8620442222049051
East,2012-12-03,2,0,None,0.8597309458343106
East,2012-06-04,4,0,None,0.851170212075872
East,2012-03-05,3,0,Traffic,0.9739818956902101
East,2012-11-05,3,0,Traffic,0.8235333096715213
East,2012-02-06,2,1,None,0.8790984743279475
East,2012-08-06,1,0,Strike,0.9441501690388673
East,2012-05-07,2,1,None,0.954374544489511
East,2012-10-08,2,1,Strike,0.8094188612855304
East,2012-01-09,1,0,Weather,0.8686421413801758
East,2012-04-09,3,0,None,0.8876634293438601
East,2012-07-09,1,0,None,0.8803265653729648
East,2012-09-10,4,0,Strike,0.8706362840173054
East,2012-12-10,1,1,Strike,0.9142304505903018
East,2012-06-11,0,0,Strike,0.811146057607862
East,2012-03-12,1,0,None,0.8970534444445396
East,2012-11-12,2,0,Strike,0.8648586117079313
East,2012-12-31,0,0,Strike,0.989491370111026
East,2013-01-28,0,0,Strike,0.8350758089768622
East,2013-02-25,1,0,Weather,0.9048858054940213
East,2013-04-01,0,0,Strike,0.8420814757340424
East,2013-04-29,2,0,Weather,0.9910620363071048
East,2013-05-27,1,0,Weather,0.9782755149846974
East,2013-07-01,3,0,Strike,0.8514689335131901
East,2013-07-29,2,0,None,0.878097581509989
East,2013-08-26,3,0,Traffic,0.8791101288878156
East,2013-09-30,2,0,Strike,0.8188150928742824
East,2013-10-28,3,1,Traffic,0.98190492273037
East,2013-11-25,4,1,Strike,0.8149256116716586
East,2013-09-02,1,0,Traffic,0.8053212138444219
East,2013-12-02,4,0,Traffic,0.8703812743542998
East,2013-06-03,3,0,Strike,0.8090106883483289
East,2013-02-04,4,0,Traffic,0.8147588250294636
East,2013-03-04,0,0,Strike,0.8471735316563336
East,2013-11-04,0,0,Weather,0.8980745424175688
East,2013-08-05,3,0,Strike,0.9662383256553628
East,2013-05-06,2,0,Weather,0.8478904779049217
East,2013-01-07,2,0,Weather,0.970176373249882
East,2013-10-07,2,0,None,0.8659066781713243
East,2013-04-08,2,0,Weather,0.9437079471822021
East,2013-07-08,2,1,Weather,0.8109502642788982
East,2013-09-09,3,0,Weather,0.8663384184368809
East,2013-12-09,3,0,Strike,0.9556813610221201
East,2013-06-10,1,1,None,0.8561404243350653
East,2013-02-11,3,1,None,0.9093729458113471
East,2013-11-11,1,1,Strike,0.9958984968518741
East,2013-03-11,1,0,Strike,0.9608349945795985
East,2013-08-12,0,0,Strike,0.9147776958343401
East,2013-12-30,0,1,Weather,0.8090904984333471
East,2014-01-27,3,0,None,0.821390113661204
East,2014-02-24,4,0,None,0.9770861385550582
East,2014-03-31,3,1,Traffic,0.8166461056281166
East,2014-04-28,3,0,Traffic,0.8302977527806632
East,2014-05-26,1,0,None,0.9034166997611709
East,2014-06-30,2,0,Weather,0.8139889293588338
East,2014-07-28,3,1,None,0.9314966786748501
East,2014-09-01,4,0,Strike,0.9803049338606208
East,2014-09-29,2,0,Weather,0.943517163085098
East,2014-10-27,1,0,Traffic,0.8414056364176608
East,2014-12-01,1,0,Weather,0.8027403207407497
East,2014-06-02,3,0,Traffic,0.8089549394857797
East,2014-02-03,4,0,Traffic,0.8773446557856208
East,2014-03-03,4,0,Traffic,0.9481130700803553
East,2014-11-03,0,0,Traffic,0.8994517070633207
East,2014-08-04,3,0,Strike,0.8659033159632613
East,2014-05-05,4,0,Weather,0.8131691677850571
East,2014-01-06,2,1,Strike,0.8371158615293467
East,2014-10-06,3,0,Strike,0.9086440312022772
East,2014-04-07,0,0,Strike,0.9557975244961955
East,2014-07-07,1,0,Weather,0.9451299262260298
East,2014-09-08,3,0,Strike,0.9967629933110896
East,2014-12-08,2,0,Traffic,0.8606508273202985
East,2014-06-09,2,0,None,0.8394032289297196
East,2014-02-10,2,0,Weather,0.8843209699353688
East,2014-03-10,2,0,None,0.8371514468982929
East,2014-11-10,0,0,Weather,0.823342451148614
East,2014-08-11,3,0,Strike,0.9200607904603675
East,2014-05-12,2,0,Strike,0.8372975264419429
West,2010-12-27,3,0,Traffic,0.8735638853573062
West,2011-01-31,4,0,Traffic,0.8816850367165125
West,2011-02-28,4,1,Weather,0.9774397367865076
West,2011-03-28,0,0,Strike,0.9911938017718568
West,2011-04-25,2,0,Strike,0.8659683763081311
West,2011-05-30,3,0,None,0.8348539137761545
West,2011-06-27,2,0,None,0.9316500835779915
West,2011-08-01,1,1,Weather,0.9167078964168874
West,2011-08-29,1,1,Weather,0.8863251543413133
West,2011-09-26,3,1,Traffic,0.8335086399991093
West,2011-10-31,4,0,Traffic,0.8818010910416128
West,2011-11-28,2,0,None,0.9772323563501314
West,1900-01-01,1,1,Weather,0.9282782281902141
West,2011-05-02,0,1,None,0.947523617439471
West,2011-01-03,1,1,Traffic,0.9628076508941938
West,2011-10-03,4,1,None,0.8560288786729661
West,2011-04-04,3,1,Traffic,0.9924928460523673
West,2011-07-04,1,1,Traffic,0.8750594012045388
West,2011-09-05,2,0,Weather,0.8421528245792408
West,2011-12-05,4,0,Weather,0.9182399468839092
West,2011-06-06,2,1,Weather,0.9795398728007337
West,2011-02-07,1,1,Strike,0.8455505131456037
West,2011-11-07,1,0,Traffic,0.9313968989493246
West,2011-03-07,4,0,None,0.8331716153841059
West,2011-08-08,1,0,None,0.9010271251580146
West,2011-05-09,4,0,Strike,0.8594674356287059
West,2011-01-10,1,1,Traffic,0.825321833603979
West,2011-10-10,3,0,Traffic,0.9244999632493262
West,2011-04-11,4,0,Traffic,0.9643365316625392
West,2011-07-11,2,0,Traffic,0.9713482378512102
West,2011-09-12,0,0,Weather,0.9118078872226674
West,2011-12-12,2,1,Weather,0.9317885476577882
West,2012-01-30,0,0,Traffic,0.8116600556920758
West,2012-02-27,0,0,Traffic,0.8519937395694718
West,2012-03-26,0,1,Weather,0.9086517080353533
West,2012-04-30,2,0,None,0.8895880874096271
West,2012-05-28,1,0,Strike,0.8631750830118834
West,2012-06-25,4,0,None,0.8381790997413971
West,2012-07-30,0,1,Traffic,0.9509666130900276
West,2012-08-27,0,0,None,0.9616653948237687
West,2012-10-01,4,0,Weather,0.8238406527665175
West,2012-10-29,1,0,Strike,0.8366068332720002
West,2012-11-26,3,1,Strike,0.9246112829859469
West,2012-01-02,3,0,Weather,0.957689183509589
West,2012-04-02,0,0,Strike,0.9476024581025331
West,2012-07-02,3,0,None,0.947527103019029
West,2012-09-03,4,0,Weather,0.8700652220686792
West,2012-12-03,4,0,Traffic,0.8638762641283741
West,2012-06-04,2,0,Traffic,0.8343448284028218
West,2012-03-05,2,1,Strike,0.9110403952064705
West,2012-11-05,4,0,Weather,0.9369414059690431
West,2012-02-06,0,0,Weather,0.8328358133634204
West,2012-08-06,1,0,Strike,0.8275518679490201
West,2012-05-07,2,0,Weather,0.8423665923131944
West,2012-10-08,3,0,None,0.970430817442803
West,2012-01-09,4,1,Strike,0.8200259646622774
West,2012-04-09,1,1,None,0.9945691886741973
West,2012-07-09,1,0,Weather,0.8629581870423273
West,2012-09-10,2,1,Traffic,0.9605643073734714
West,2012-12-10,1,0,Weather,0.9874837980862387
West,2012-06-11,3,0,Traffic,0.9130315348802345
West,2012-03-12,0,0,Strike,0.9709153250729508
West,2012-11-12,1,1,None,0.8743903712943949
West,2012-12-31,3,1,Traffic,0.9002082227613636
West,2013-01-28,0,0,Weather,0.9412830436399702
West,2013-02-25,4,0,Strike,0.883705922905451
West,2013-04-01,1,0,None,0.9228303775325966
West,2013-04-29,4,0,Traffic,0.8071047919100683
West,2013-05-27,1,0,Traffic,0.9791020702372709
West,2013-07-01,0,0,Strike,0.8640449002869098
West,2013-07-29,0,0,None,0.9213627949817675
West,2013-08-26,4,0,Weather,0.922206435684169
West,2013-09-30,0,0,Traffic,0.9964878311265539
West,2013-10-28,2,0,Strike,0.9957106667030465
West,2013-11-25,0,0,None,0.9983024452715767
West,2013-09-02,4,0,Traffic,0.8273474120280107
West,2013-12-02,3,0,Traffic,0.9553822887668383
West,2013-06-03,3,0,None,0.8898109467248566
West,2013-02-04,1,0,Strike,0.8153291289608944
West,2013-03-04,2,0,Strike,0.9097965716336975
West,2013-11-04,0,0,Strike,0.8161059209906742
West,2013-08-05,0,0,Strike,0.9923088867124289
West,2013-05-06,1,0,Traffic,0.9812034263479463
West,2013-01-07,1,0,None,0.9614175080278788
West,2013-10-07,0,0,None,0.8939121700893183
West,2013-04-08,0,0,Weather,0.8043872529205621
West,2013-07-08,0,0,None,0.8972478663432364
West,2013-09-09,4,0,Weather,0.8032089710138364
West,2013-12-09,3,0,Strike,0.9241039975851474
West,2013-06-10,2,0,Strike,0.9581334768105831
West,2013-02-11,2,0,Traffic,0.9122829022045172
West,2013-11-11,1,0,None,0.8402564993277222
West,2013-03-11,4,1,None,0.8360437110917092
West,2013-08-12,2,0,None,0.8973374160856599
West,2013-12-30,2,0,Strike,0.9273460005555597
West,2014-01-27,4,0,Strike,0.8621882667969938
West,2014-02-24,4,0,Traffic,0.804226893982679
West,2014-03-31,3,0,None,0.9405319517108476
West,2014-04-28,2,0,None,0.9426961926636611
West,2014-05-26,0,0,Weather,0.8963948557396452
West,2014-06-30,3,0,Strike,0.9225795281556919
West,2014-07-28,4,0,Weather,0.9984535031133669
West,2014-09-01,3,0,None,0.83961116191371
West,2014-09-29,2,0,Weather,0.9142687836330319
West,2014-10-27,1,0,None,0.8441040999441956
West,2014-12-01,1,0,Weather,0.9232557146480439
West,2014-06-02,4,1,Weather,0.8143875053031407
West,2014-02-03,3,1,Strike,0.9499344974849903
West,2014-03-03,1,0,None,0.8067463114508435
West,2014-11-03,1,0,Strike,0.9071594989078237
West,2014-08-04,4,0,Traffic,0.9235830775975682
West,2014-05-05,0,0,Weather,0.9235915962617713
West,2014-01-06,3,0,Strike,0.9269211195849058
West,2014-10-06,0,0,Traffic,0.98391910766308
West,2014-04-07,2,0,Weather,0.8219245242134151
West,2014-07-07,4,0,Weather,0.84120212761891
West,2014-09-08,3,0,Weather,0.8239225261230946
West,2014-12-08,3,0,Strike,0.8386209092778218
West,2014-06-09,0,1,Traffic,0.958206049883321
West,2014-02-10,0,1,Traffic,0.9389057685602135
West,2014-03-10,3,1,None,0.8185350209397807
West,2014-11-10,2,0,Strike,0.988846082743755
West,2014-08-11,1,0,Traffic,0.8813445339754116
West,2014-05-12,3,0,Traffic,0.9957199978967315
Central Asia,2010-12-27,2,0,None,0.8534375938814638
Central Asia,2011-01-31,4,0,None,0.813669213012828
Central Asia,2011-02-28,1,1,Traffic,0.846000957123496
Central Asia,2011-03-28,2,0,None,0.8334608655673557
Central Asia,2011-04-25,0,0,Strike,0.9298441030570659
Central Asia,2011-05-30,4,0,Strike,0.9587981497838061
Central Asia,2011-06-27,2,0,Traffic,0.8682957928428671
Central Asia,2011-08-01,0,0,None,0.8240941105069771
Central Asia,2011-08-29,1,0,Strike,0.9424362432808364
Central Asia,2011-09-26,1,0,Traffic,0.9601691131070194
Central Asia,2011-10-31,3,0,Weather,0.9225416459951662
Central Asia,2011-11-28,0,1,Strike,0.8657225050936919
Central Asia,1900-01-01,0,0,Strike,0.8212862708067941
Central Asia,2011-05-02,0,0,None,0.9815854004137294
Central Asia,2011-01-03,3,0,Strike,0.9921750519086184
Central Asia,2011-10-03,0,0,Strike,0.9334043949878216
Central Asia,2011-04-04,2,0,Strike,0.9926908307702256
Central Asia,2011-07-04,3,0,Traffic,0.8744857874864086
Central Asia,2011-09-05,3,1,None,0.8816569282846672
Central Asia,2011-12-05,0,0,Traffic,0.9001350457210228
Central Asia,2011-06-06,3,1,Strike,0.90638208490096
Central Asia,2011-02-07,1,0,Strike,0.8141090305632908
Central Asia,2011-11-07,3,0,Strike,0.8745951632876378
Central Asia,2011-03-07,1,0,Weather,0.9760316650324937
Central Asia,2011-08-08,2,0,None,0.9488764606914153
Central Asia,2011-05-09,3,0,Weather,0.8574721906275873
Central Asia,2011-01-10,0,0,Traffic,0.8734099618839914
Central Asia,2011-10-10,1,0,Strike,0.8073235108144096
Central Asia,2011-04-11,2,0,Traffic,0.9894965928297773
Central Asia,2011-07-11,3,1,None,0.8714987138217887
Central Asia,2011-09-12,1,0,Weather,0.815252210944063
Central Asia,2011-12-12,1,0,Weather,0.839471795241653
Central Asia,2012-01-30,4,1,Weather,0.8615280857187241
Central Asia,2012-02-27,2,1,Weather,0.9377957084543448
Central Asia,2012-03-26,0,0,Traffic,0.9419349713442831
Central Asia,2012-04-30,2,0,Weather,0.9520658494386306
Central Asia,2012-05-28,1,0,Traffic,0.9946564094539724
Central Asia,2012-06-25,4,0,Strike,0.9985204088712761
Central Asia,2012-07-30,4,0,Traffic,0.9311332133050909
Central Asia,2012-08-27,4,0,None,0.9790430215952046
Central Asia,2012-10-01,1,0,None,0.8680096481611905
Central Asia,2012-10-29,0,1,Weather,0.9344136890069213
Central Asia,2012-11-26,2,0,Traffic,0.8014307030817012
Central Asia,2012-01-02,1,0,Weather,0.9207082168937106
Central Asia,2012-04-02,2,0,None,0.8642142833286858
Central Asia,2012-07-02,4,1,None,0.8303837898360709
Central Asia,2012-09-03,4,0,Weather,0.9369643273159483
Central Asia,2012-12-03,0,0,None,0.8403361128748692
Central Asia,2012-06-04,0,0,Weather,0.8786565367844102
Central Asia,2012-03-05,0,0,Traffic,0.8317720727493666
Central Asia,2012-11-05,4,0,Strike,0.9944105893959652
Central Asia,2012-02-06,0,0,Traffic,0.939116615588189
Central Asia,2012-08-06,3,0,Weather,0.897605974291743
Central Asia,2012-05-07,2,1,None,0.8950130759102906
Central Asia,2012-10-08,3,0,Traffic,0.8852948035845363
Central Asia,2012-01-09,4,0,Traffic,0.8885197917988106
Central Asia,2012-04-09,0,1,Strike,0.9211664313559735
Central Asia,2012-07-09,2,1,None,0.9491080661367728
Central Asia,2012-09-10,4,1,Traffic,0.9119245854815391
Central Asia,2012-12-10,3,0,Weather,0.8805628563083044
Central Asia,2012-06-11,1,1,Strike,0.9731012119100405
Central Asia,2012-03-12,3,0,Strike,0.8105237745253423
Central Asia,2012-11-12,4,0,Traffic,0.8533336230680284
Central Asia,2012-12-31,2,0,Traffic,0.9086171640671431
Central Asia,2013-01-28,1,0,Traffic,0.921090648585586
Central Asia,2013-02-25,1,0,Weather,0.8610098578858544
Central Asia,2013-04-01,0,0,Strike,0.9468079710769717
Central Asia,2013-04-29,3,0,None,0.9994530489193616
Central Asia,2013-05-27,0,0,Strike,0.9913331994022136
Central Asia,2013-07-01,0,1,Weather,0.8123127723024642
Central Asia,2013-07-29,3,0,Weather,0.9993074268945302
Central Asia,2013-08-26,0,0,Weather,0.8087660833628078
Central Asia,2013-09-30,0,0,Weather,0.8475814576525966
Central Asia,2013-10-28,0,0,Traffic,0.8545193612902143
Central Asia,2013-11-25,0,0,Weather,0.9816884147456318
Central Asia,2013-09-02,1,0,Strike,0.9353790339288119
Central Asia,2013-12-02,0,1,Strike,0.9123947437695169
Central Asia,2013-06-03,2,0,Weather,0.8573263455396826
Central Asia,2013-02-04,1,0,Weather,0.8104427002765032
Central Asia,2013-03-04,4,0,Weather,0.8566199776729817
Central Asia,2013-11-04,1,0,Strike,0.8261162033591486
Central Asia,2013-08-05,1,0,Weather,0.8293175038882422
Central Asia,2013-05-06,4,0,Weather,0.8662855785939695
Central Asia,2013-01-07,4,0,Weather,0.8380079050625361
Central Asia,2013-10-07,4,0,Weather,0.8604608764907192
Central Asia,2013-04-08,1,0,Strike,0.8631315610681662
Central Asia,2013-07-08,4,0,None,0.9148741091628688
Central Asia,2013-09-09,4,0,Strike,0.9287652445432176
Central Asia,2013-12-09,4,1,Traffic,0.946286680703152
Central Asia,2013-06-10,4,0,Strike,0.9322219250924831
Central Asia,2013-02-11,4,0,None,0.9512754149807001
Central Asia,2013-11-11,0,1,Strike,0.9192842774528143
Central Asia,2013-03-11,2,0,Weather,0.8897541443810556
Central Asia,2013-08-12,0,0,None,0.9870243041308894
Central Asia,2013-12-30,4,0,Strike,0.9150055901252379
Central Asia,2014-01-27,1,0,Weather,0.9123547533607664
Central Asia,2014-02-24,3,0,Weather,0.9503874553868515
Central Asia,2014-03-31,0,0,Weather,0.953358361935966
Central Asia,2014-04-28,2,0,Traffic,0.9009691164551497
Central Asia,2014-05-26,4,1,Strike,0.8617924472420936
Central Asia,2014-06-30,3,1,Weather,0.8839963526041431
Central Asia,2014-07-28,3,0,Strike,0.8399210274199805
Central Asia,2014-09-01,4,0,None,0.9780893927441972
Central Asia,2014-09-29,3,0,Strike,0.8888346607321495
Central Asia,2014-10-27,4,0,None,0.8898308919740631
Central Asia,2014-12-01,4,0,Weather,0.9678033557391555
Central Asia,2014-06-02,1,0,Traffic,0.8172494507902525
Central Asia,2014-02-03,1,0,Weather,0.954653256833561
Central Asia,2014-03-03,3,0,Traffic,0.8277623530524729
Central Asia,2014-11-03,1,1,Strike,0.8581598918738348
Central Asia,2014-08-04,2,0,Weather,0.9666178381346792
Central Asia,2014-05-05,3,0,Traffic,0.9284277386547716
Central Asia,2014-01-06,4,0,Weather,0.9494454245307069
Central Asia,2014-10-06,0,0,None,0.8817364653097749
Central Asia,2014-04-07,2,0,Weather,0.9400019233734779
Central Asia,2014-07-07,3,0,Weather,0.8831992740062236
Central Asia,2014-09-08,0,0,None,0.9189564783523696
Central Asia,2014-12-08,4,0,Strike,0.858870888183712
Central Asia,2014-06-09,2,0,None,0.9910548047901722
Central Asia,2014-02-10,2,0,Weather,0.9900607790606664
Central Asia,2014-03-10,3,0,Strike,0.9578313050575812
Central Asia,2014-11-10,3,0,Strike,0.9044445850252477
Central Asia,2014-08-11,0,1,Traffic,0.9073960078288474
Central Asia,2014-05-12,4,0,None,0.9933265806069282
